obs,sp500,divyld,i3,ip,pcsp,rsp500,pcip,ci3,ci3_1,ci3_2,pcip_1,pcip_2,pcip_3,pcsp_1,pcsp_2,pcsp_3
1947M01,15.21,4.49,0.38,22.4,NA,NA,NA,NA,NA,NA,NA,NA,NA,NA,NA,NA
1947M02,15.8,4.38,0.38,22.5,46.54833,50.92833,5.357163,0,NA,NA,NA,NA,NA,NA,NA,NA
1947M03,15.16,4.61,0.38,22.6,-48.60762,-43.99762,5.333354,0,0,NA,5.357163,NA,NA,46.54833,NA,NA
1947M04,14.6,4.75,0.38,22.5,-44.32714,-39.57714,-5.309754,0,0,0,5.333354,5.357163,NA,-48.60762,46.54833,NA
1947M05,14.34,5.05,0.38,22.6,-21.36988,-16.31988,5.333354,0,0,0,-5.309754,5.333354,5.357163,-44.32714,-48.60762,46.54833
1947M06,14.84,5.03,0.38,22.6,41.841,46.871,0,0,0,0,5.333354,-5.309754,5.333354,-21.36988,-44.32714,-48.60762
1947M07,15.77,4.81,0.64,22.4,75.20218,80.01218,-10.61951,0.26,0,0,0,5.333354,-5.309754,41.841,-21.36988,-44.32714
1947M08,15.46,4.97,0.74,22.6,-23.58912,-18.61913,10.71433,0.1,0.26,0,-10.61951,0,5.333354,75.20218,41.841,-21.36988
1947M09,15.06,5.16,0.79,22.7,-31.04784,-25.88784,5.309754,0.05,0.1,0.26,10.71433,-10.61951,0,-23.58912,75.20218,41.841
1947M10,15.45,5.1,0.84,22.9,31.07565,36.17565,10.57263,0.05,0.05,0.1,5.309754,10.71433,-10.61951,-31.04784,-23.58912,75.20218
1947M11,15.27,5.24,0.92,23.3,-13.98053,-8.740532,20.96068,0.08,0.05,0.05,10.57263,5.309754,10.71433,31.07565,-31.04784,-23.58912
1947M12,15.03,5.55,0.95,23.3,-18.86057,-13.31057,0,0.03,0.08,0.05,20.96068,10.57263,5.309754,-13.98053,31.07565,-31.04784
1948M01,14.83,5.71,0.97,23.5,-15.96805,-10.25805,10.30047,0.02,0.03,0.08,0,20.96068,10.57263,-18.86057,-13.98053,31.07565
1948M02,14.1,6.01,0.99,23.5,-59.06942,-53.05942,0,0.02,0.02,0.03,10.30047,0,20.96068,-15.96805,-18.86057,-13.98053
1948M03,14.3,5.9,1,23.3,17.02126,22.92126,-10.2128,0.01,0.02,0.02,0,10.30047,0,-59.06942,-15.96805,-18.86057
1948M04,15.4,5.5,1,23.3,92.30765,97.80765,0,0,0.01,0.02,-10.2128,0,10.30047,17.02126,-59.06942,-15.96805
1948M05,16.15,5.32,1,23.7,58.44156,63.76156,20.60094,0,0,0.01,0,-10.2128,0,92.30765,17.02126,-59.06942
1948M06,16.82,5.02,1,24,49.78329,54.80329,15.18983,0,0,0,20.60094,0,-10.2128,58.44156,92.30765,17.02126
1948M07,16.42,4.96,1,24,-28.53743,-23.57743,0,0,0,0,15.18983,20.60094,0,49.78329,58.44156,92.30765
1948M08,15.94,5.17,1.03,23.9,-35.07921,-29.90921,-5.000019,0.03,0,0,0,15.18983,20.60094,-28.53743,49.78329,58.44156
1948M09,15.76,5.29,1.09,23.7,-13.55077,-8.260768,-10.04178,0.06,0.03,0,-5.000019,0,15.18983,-35.07921,-28.53743,49.78329
1948M10,16.19,5.29,1.12,23.9,32.74114,38.03114,10.12652,0.03,0.06,0.03,-10.04178,-5.000019,0,-13.55077,-35.07921,-28.53743
1948M11,15.29,6.09,1.14,23.6,-66.70789,-60.61789,-15.06272,0.02,0.03,0.06,10.12652,-10.04178,-5.000019,32.74114,-13.55077,-35.07921
1948M12,15.19,6.24,1.15,23.4,-7.848297,-1.608297,-10.16953,0.01,0.02,0.03,-15.06272,10.12652,-10.04178,-66.70789,32.74114,-13.55077
1949M01,15.36,6.2,1.16,23.2,13.4299,19.62989,-10.25635,0.01,0.01,0.02,-10.16953,-15.06272,10.12652,-7.848297,-66.70789,32.74114
1949M02,14.77,6.54,1.16,22.9,-46.09369,-39.55369,-15.5173,0,0.01,0.01,-10.25635,-10.16953,-15.06272,13.4299,-7.848297,-66.70789
1949M03,14.91,6.57,1.16,22.5,11.37436,17.94436,-20.96068,0,0,0.01,-15.5173,-10.25635,-10.16953,-46.09369,13.4299,-7.848297
1949M04,14.89,6.65,1.16,22.4,-1.609618,5.040382,-5.333354,0,0,0,-20.96068,-15.5173,-10.25635,11.37436,-46.09369,13.4299
1949M05,14.78,6.72,1.15,22.1,-8.865059,-2.145059,-16.07139,-0.01,0,0,-5.333354,-20.96068,-15.5173,-1.609618,11.37436,-46.09369
1949M06,13.97,7.09,1.16,22,-65.7645,-58.6745,-5.429885,0.01,-0.01,0,-16.07139,-5.333354,-20.96068,-8.865059,-1.609618,11.37436
1949M07,14.76,6.73,0.98,22,67.8597,74.5897,0,-0.18,0.01,-0.01,-5.429885,-16.07139,-5.333354,-65.7645,-8.865059,-1.609618
1949M08,15.29,6.54,1.02,22.2,43.08941,49.62941,10.90913,0.04,-0.18,0.01,0,-5.429885,-16.07139,67.8597,-65.7645,-8.865059
1949M09,15.49,6.36,1.06,22.4,15.69652,22.05652,10.81075,0.04,0.04,-0.18,10.90913,0,-5.429885,43.08941,67.8597,-65.7645
1949M10,15.89,6.26,1.04,21.6,30.98778,37.24778,-42.8571,-0.02,0.04,0.04,10.81075,10.90913,0,15.69652,43.08941,67.8597
1949M11,16.11,6.61,1.06,22.2,16.61424,23.22424,33.33335,0.02,-0.02,0.04,-42.8571,10.81075,10.90913,30.98778,15.69652,43.08941
1949M12,16.54,6.75,1.1,22.6,32.02982,38.77982,21.6216,0.04,0.02,-0.02,33.33335,-42.8571,10.81075,16.61424,30.98778,15.69652
1950M01,16.88,6.65,1.09,22.9,24.66735,31.31734,15.92916,-0.01,0.04,0.02,21.6216,33.33335,-42.8571,32.02982,16.61424,30.98778
1950M02,17.21,6.62,1.13,23,23.45971,30.07971,5.240195,0.04,-0.01,0.04,15.92916,21.6216,33.33335,24.66735,32.02982,16.61424
1950M03,17.35,6.53,1.14,23.8,9.761858,16.29186,41.73909,0.01,0.04,-0.01,5.240195,15.92916,21.6216,23.45971,24.66735,32.02982
1950M04,17.84,6.36,1.16,24.6,33.89047,40.25047,40.33619,0.02,0.01,0.04,41.73909,5.240195,15.92916,9.761858,23.45971,24.66735
1950M05,18.44,6.16,1.17,25.2,40.35877,46.51877,29.26831,0.01,0.02,0.01,40.33619,41.73909,5.240195,33.89047,9.761858,23.45971
1950M06,18.74,6.12,1.17,25.9,19.52273,25.64273,33.33328,0,0.01,0.02,29.26831,40.33619,41.73909,40.35877,33.89047,9.761858
1950M07,17.38,6.63,1.17,26.7,-87.08649,-80.45649,37.06569,0,0,0.01,33.33328,29.26831,40.33619,19.52273,40.35877,33.89047
1950M08,18.43,6.54,1.21,27.6,72.49721,79.03721,40.44942,0.04,0,0,37.06569,33.33328,29.26831,-87.08649,19.52273,40.35877
1950M09,19.08,6.65,1.31,27.4,42.32227,48.97227,-8.695685,0.1,0.04,0,40.44942,37.06569,33.33328,72.49721,-87.08649,19.52273
1950M10,19.87,6.39,1.33,27.6,49.68559,56.07559,8.759157,0.02,0.1,0.04,-8.695685,40.44942,37.06569,42.32227,72.49721,-87.08649
1950M11,19.83,6.97,1.36,27.5,-2.415757,4.554243,-4.347843,0.03,0.02,0.1,8.759157,-8.695685,40.44942,49.68559,42.32227,72.49721
1950M12,19.75,7.24,1.37,28,-4.841145,2.398855,21.81818,0.01,0.03,0.02,-4.347843,8.759157,-8.695685,-2.415757,49.68559,42.32227
1951M01,21.21,6.34,1.39,28.1,88.7088,95.0488,4.28573,0.02,0.01,0.03,21.81818,-4.347843,8.759157,-4.841145,-2.415757,49.68559
1951M02,22,6.2,1.39,28.3,44.69595,50.89595,8.540876,0,0.02,0.01,4.28573,21.81818,-4.347843,88.7088,-4.841145,-2.415757
1951M03,21.63,6.34,1.42,28.4,-20.18186,-13.84186,4.240299,0.03,0,0.02,8.540876,4.28573,21.81818,44.69595,88.7088,-4.841145
1951M04,21.92,6.27,1.52,28.5,16.08882,22.35882,4.225368,0.1,0.03,0,4.240299,8.540876,4.28573,-20.18186,44.69595,88.7088
1951M05,21.93,6.23,1.58,28.4,0.547458,6.777458,-4.210543,0.06,0.1,0.03,4.225368,4.240299,8.540876,16.08882,-20.18186,44.69595
1951M06,21.55,6.3,1.5,28.2,-20.79349,-14.49349,-8.450656,-0.08,0.06,0.1,-4.210543,4.225368,4.240299,0.547458,16.08882,-20.18186
1951M07,21.93,6.25,1.59,27.8,21.16015,27.41015,-17.02134,0.09,-0.08,0.06,-8.450656,-4.210543,4.225368,-20.79349,0.547458,16.08882
1951M08,22.89,5.96,1.64,27.5,52.53073,58.49073,-12.94961,0.05,0.09,-0.08,-17.02134,-8.450656,-4.210543,21.16015,-20.79349,0.547458
1951M09,23.48,5.75,1.65,27.7,30.93055,36.68055,8.727306,0.01,0.05,0.09,-12.94961,-17.02134,-8.450656,52.53073,21.16015,-20.79349
1951M10,23.36,5.77,1.61,27.7,-6.132824,-0.362824,0,-0.04,0.01,0.05,8.727306,-12.94961,-17.02134,30.93055,52.53073,21.16015
1951M11,22.71,6.18,1.61,27.9,-33.39049,-27.21049,8.66421,0,-0.04,0.01,0,8.727306,-12.94961,-6.132824,30.93055,52.53073
1951M12,23.41,5.99,1.73,28.1,36.98815,42.97815,8.602183,0.12,0,-0.04,8.66421,0,8.727306,-33.39049,-6.132824,30.93055
1952M01,24.19,5.82,1.69,28.4,39.98295,45.80295,12.81135,-0.04,0.12,0,8.602183,8.66421,0,36.98815,-33.39049,-6.132824
1952M02,23.75,5.99,1.57,28.5,-21.82723,-15.83723,4.225368,-0.12,-0.04,0.12,12.81135,8.602183,8.66421,39.98295,36.98815,-33.39049
1952M03,23.81,5.94,1.66,28.6,3.031552,8.971552,4.210543,0.09,-0.12,-0.04,4.225368,12.81135,8.602183,-21.82723,39.98295,36.98815
1952M04,23.74,5.96,1.62,28.4,-3.527914,2.432086,-8.39164,-0.04,0.09,-0.12,4.210543,4.225368,12.81135,3.031552,-21.82723,39.98295
1952M05,23.73,5.99,1.71,28.1,-0.505488,5.484512,-12.67602,0.09,-0.04,0.09,-8.39164,4.210543,4.225368,-3.527914,3.031552,-21.82723
1952M06,24.38,5.83,1.7,27.8,32.86977,38.69977,-12.81144,-0.01,0.09,-0.04,-12.67602,-8.39164,4.210543,-0.505488,-3.527914,3.031552
1952M07,25.08,5.65,1.82,27.4,34.45451,40.10451,-17.26617,0.12,-0.01,0.09,-12.81144,-12.67602,-8.39164,32.86977,-0.505488,-3.527914
1952M08,25.18,5.66,1.88,29.2,4.784707,10.44471,78.83217,0.06,0.12,-0.01,-17.26617,-12.81144,-12.67602,34.45451,32.86977,-0.505488
1952M09,24.78,5.74,1.79,30.2,-19.06273,-13.32273,41.09589,-0.09,0.06,0.12,78.83217,-17.26617,-12.81144,4.784707,34.45451,32.86977
1952M10,24.26,5.89,1.78,30.5,-25.18162,-19.29162,11.9205,-0.01,-0.09,0.06,41.09589,78.83217,-17.26617,-19.06273,4.784707,34.45451
1952M11,25.03,5.69,1.86,31.1,38.08741,43.77741,23.60657,0.08,-0.01,-0.09,11.9205,41.09589,78.83217,-25.18162,-19.06273,4.784707
1952M12,26.04,5.47,2.13,31.3,48.42191,53.89191,7.716998,0.27,0.08,-0.01,23.60657,11.9205,41.09589,38.08741,-25.18162,-19.06273
1953M01,26.18,5.45,2.04,31.4,6.451585,11.90158,3.83388,-0.09,0.27,0.08,7.716998,23.60657,11.9205,48.42191,38.08741,-25.18162
1953M02,25.86,5.52,2.02,31.6,-14.66767,-9.147671,7.643342,-0.02,-0.09,0.27,3.83388,7.716998,23.60657,6.451585,48.42191,38.08741
1953M03,25.99,5.48,2.08,31.8,6.032443,11.51244,7.594893,0.06,-0.02,-0.09,7.643342,3.83388,7.716998,-14.66767,6.451585,48.42191
1953M04,24.71,5.75,2.18,32,-59.09969,-53.34969,7.547199,0.1,0.06,-0.02,7.594893,7.643342,3.83388,6.032443,-14.66767,6.451585
1953M05,24.84,5.77,2.2,32.2,6.313286,12.08329,7.500029,0.02,0.1,0.06,7.547199,7.594893,7.643342,-59.09969,6.032443,-14.66767
1953M06,23.95,5.99,2.23,32,-42.99514,-37.00514,-7.453444,0.03,0.02,0.1,7.500029,7.547199,7.594893,6.313286,-59.09969,6.032443
1953M07,24.29,5.9,2.1,32.4,17.0355,22.9355,15.00006,-0.13,0.03,0.02,-7.453444,7.500029,7.547199,-42.99514,6.313286,-59.09969
1953M08,24.39,5.87,2.09,32.2,4.940229,10.81023,-7.407435,-0.01,-0.13,0.03,15.00006,-7.453444,7.500029,17.0355,-42.99514,6.313286
1953M09,23.27,6.14,1.88,31.6,-55.1045,-48.9645,-22.36026,-0.21,-0.01,-0.13,-7.407435,15.00006,-7.453444,4.940229,17.0355,-42.99514
1953M10,23.97,5.99,1.4,31.3,36.09792,42.08792,-11.39245,-0.48,-0.21,-0.01,-22.36026,-7.407435,15.00006,-55.1045,4.940229,17.0355
1953M11,24.5,5.92,1.43,30.6,26.5332,32.4532,-26.83702,0.03,-0.48,-0.21,-11.39245,-22.36026,-7.407435,36.09792,-55.1045,4.940229
1953M12,24.83,5.83,1.63,29.8,16.16326,21.99326,-31.37259,0.2,0.03,-0.48,-26.83702,-11.39245,-22.36026,26.5332,36.09792,-55.1045
1954M01,25.46,5.69,1.21,29.6,30.447,36.137,-8.053645,-0.42,0.2,0.03,-31.37259,-26.83702,-11.39245,16.16326,26.5332,36.09792
1954M02,26.02,5.62,0.98,29.7,26.39441,32.01441,4.05407,-0.23,-0.42,0.2,-8.053645,-31.37259,-26.83702,30.447,16.16326,26.5332
1954M03,26.57,5.46,1.05,29.5,25.36507,30.82507,-8.080838,0.07,-0.23,-0.42,4.05407,-8.053645,-31.37259,26.39441,30.447,16.16326
1954M04,27.63,5.24,1.01,29.3,47.87352,53.11352,-8.135624,-0.04,0.07,-0.23,-8.080838,4.05407,-8.053645,25.36507,26.39441,30.447
1954M05,28.73,5.02,0.78,29.5,47.77418,52.79418,8.191158,-0.23,-0.04,0.07,-8.135624,-8.080838,4.05407,47.87352,25.36507,26.39441
1954M06,28.96,4.99,0.65,29.6,9.606665,14.59666,4.067812,-0.13,-0.23,-0.04,8.191158,-8.135624,-8.080838,47.77418,47.87352,25.36507
1954M07,30.13,4.77,0.71,29.6,48.48067,53.25067,0,0.06,-0.13,-0.23,4.067812,8.191158,-8.135624,9.606665,47.77418,47.87352
1954M08,30.73,4.63,0.89,29.6,23.89646,28.52646,0,0.18,0.06,-0.13,0,4.067812,8.191158,48.48067,9.606665,47.77418
1954M09,31.45,4.57,1.01,29.6,28.1159,32.6859,0,0.12,0.18,0.06,0,0,4.067812,23.89646,48.48067,9.606665
1954M10,32.18,4.43,0.99,30,27.85372,32.28372,16.2162,-0.02,0.12,0.18,0,0,0,28.1159,23.89646,48.48067
1954M11,33.44,4.52,0.95,30.5,46.98564,51.50564,20,-0.04,-0.02,0.12,16.2162,0,0,27.85372,28.1159,23.89646
1954M12,34.97,4.45,1.17,30.9,54.9044,59.3544,15.73769,0.22,-0.04,-0.02,20,16.2162,0,46.98564,27.85372,28.1159
1955M01,35.6,4.38,1.26,31.6,21.61843,25.99844,27.1845,0.09,0.22,-0.04,15.73769,20,16.2162,54.9044,46.98564,27.85372
1955M02,36.79,4.32,1.18,32,40.11244,44.43244,15.18986,-0.08,0.09,0.22,27.1845,15.73769,20,21.61843,54.9044,46.98564
1955M03,36.5,4.33,1.33,32.7,-9.459122,-5.129122,26.25003,0.15,-0.08,0.09,15.18986,27.1845,15.73769,40.11244,21.61843,54.9044
1955M04,37.76,4.19,1.62,33.1,41.4246,45.6146,14.67881,0.29,0.15,-0.08,26.25003,15.18986,27.1845,-9.459122,40.11244,21.61843
1955M05,37.6,4.23,1.49,33.7,-5.084741,-0.854741,21.75235,-0.13,0.29,0.15,14.67881,26.25003,15.18986,41.4246,-9.459122,40.11244
1955M06,39.78,4.01,1.43,33.7,69.57448,73.58448,0,-0.06,-0.13,0.29,21.75235,14.67881,26.25003,-5.084741,41.4246,-9.459122
1955M07,42.69,3.72,1.62,34,87.78281,91.50281,10.68247,0.19,-0.06,-0.13,0,21.75235,14.67881,69.57448,-5.084741,41.4246
1955M08,42.43,3.87,1.88,33.9,-7.308456,-3.438456,-3.529358,0.26,0.19,-0.06,10.68247,0,21.75235,87.78281,69.57448,-5.084741
1955M09,44.34,3.72,2.09,34.1,54.01838,57.73838,7.079537,0.21,0.26,0.19,-3.529358,10.68247,0,-7.308456,87.78281,69.57448
1955M10,42.11,3.94,2.26,34.7,-60.35181,-56.41182,21.11445,0.17,0.21,0.26,7.079537,-3.529358,10.68247,54.01838,-7.308456,87.78281
1955M11,44.95,4.05,2.23,34.8,80.9309,84.9809,3.45816,-0.03,0.17,0.21,21.11445,7.079537,-3.529358,-60.35181,54.01838,-7.308456
1955M12,45.37,4.15,2.56,34.9,11.21241,15.36241,3.448355,0.33,-0.03,0.17,3.45816,21.11445,7.079537,80.9309,-60.35181,54.01838
1956M01,44.15,4.24,2.46,35.1,-32.26795,-28.02795,6.876685,-0.1,0.33,-0.03,3.448355,3.45816,21.11445,11.21241,80.9309,-60.35181
1956M02,44.43,4.24,2.37,34.8,7.610385,11.85039,-10.25638,-0.09,-0.1,0.33,6.876685,3.448355,3.45816,-32.26795,11.21241,80.9309
1956M03,47.49,3.97,2.31,34.8,82.6469,86.6169,0,-0.06,-0.09,-0.1,-10.25638,6.876685,3.448355,7.610385,-32.26795,11.21241
1956M04,48.05,3.94,2.61,35.1,14.15028,18.09028,10.3448,0.3,-0.06,-0.09,0,-10.25638,6.876685,82.6469,7.610385,-32.26795
1956M05,46.54,4.09,2.65,34.8,-37.71068,-33.62068,-10.25638,0.04,0.3,-0.06,10.3448,0,-10.25638,14.15028,82.6469,7.610385
1956M06,46.27,4.09,2.53,34.5,-6.961765,-2.871765,-10.3448,-0.12,0.04,0.3,-10.25638,10.3448,0,-37.71068,14.15028,82.6469
1956M07,48.78,3.89,2.33,33.4,65.09613,68.98613,-38.26082,-0.2,-0.12,0.04,-10.3448,-10.25638,10.3448,-6.961765,-37.71068,14.15028
1956M08,48.49,3.92,2.61,34.8,-7.134,-3.214,50.29932,0.28,-0.2,-0.12,-38.26082,-10.3448,-10.25638,65.09613,-6.961765,-37.71068
1956M09,46.84,4.07,2.85,35.6,-40.8332,-36.7632,27.58618,0.24,0.28,-0.2,50.29932,-38.26082,-10.3448,-7.134,65.09613,-6.961765
1956M10,46.24,4.12,2.96,35.9,-15.37144,-11.25144,10.11246,0.11,0.24,0.28,27.58618,50.29932,-38.26082,-40.8332,-7.134,65.09613
1956M11,45.76,4.27,3,35.6,-12.45683,-8.186834,-10.02796,0.04,0.11,0.24,10.11246,27.58618,50.29932,-15.37144,-40.8332,-7.134
1956M12,46.44,4.24,3.23,36.1,17.83218,22.07218,16.85393,0.23,0.04,0.11,-10.02796,10.11246,27.58618,-12.45683,-15.37144,-40.8332
1957M01,45.43,4.31,3.21,36,-26.09815,-21.78815,-3.324049,-0.02,0.23,0.04,16.85393,-10.02796,10.11246,17.83218,-12.45683,-15.37144
1957M02,43.47,4.54,3.17,36.3,-51.77193,-47.23193,9.999975,-0.04,-0.02,0.23,-3.324049,16.85393,-10.02796,-26.09815,17.83218,-12.45683
1957M03,44.03,4.47,3.14,36.3,15.45887,19.92887,0,-0.03,-0.04,-0.02,9.999975,-3.324049,16.85393,-51.77193,-26.09815,17.83218
1957M04,45.05,4.36,3.11,35.8,27.79924,32.15924,-16.52893,-0.03,-0.03,-0.04,0,9.999975,-3.324049,15.45887,-51.77193,-26.09815
1957M05,46.78,4.18,3.04,35.7,46.08212,50.26212,-3.351904,-0.07,-0.03,-0.03,-16.52893,0,9.999975,27.79924,15.45887,-51.77193
1957M06,47.55,4.04,3.32,35.8,19.75204,23.79204,3.361293,0.28,-0.07,-0.03,-3.351904,-16.52893,0,46.08212,27.79924,15.45887
1957M07,48.51,3.95,3.17,36,24.22711,28.17711,6.703936,-0.15,0.28,-0.07,3.361293,-3.351904,-16.52893,19.75204,46.08212,27.79924
1957M08,45.84,4.17,3.4,36,-66.04819,-61.8782,0,0.23,-0.15,0.28,6.703936,3.361293,-3.351904,24.22711,19.75204,46.08212
1957M09,43.98,4.31,3.58,35.7,-48.69112,-44.38111,-9.999975,0.18,0.23,-0.15,0,6.703936,3.361293,-66.04819,24.22711,19.75204
1957M10,41.24,4.54,3.59,35.1,-74.7612,-70.2212,-20.16814,0.01,0.18,0.23,-9.999975,0,6.703936,-48.69112,-66.04819,24.22711
1957M11,40.35,4.67,3.34,34.3,-25.89728,-21.22728,-27.3504,-0.25,0.01,0.18,-20.16814,-9.999975,0,-74.7612,-48.69112,-66.04819
1957M12,40.33,4.64,3.1,33.7,-0.594696,4.045304,-20.9912,-0.24,-0.25,0.01,-27.3504,-20.16814,-9.999975,-25.89728,-74.7612,-48.69112
1958M01,41.12,4.48,2.6,33,23.50599,27.98599,-24.92584,-0.5,-0.24,-0.25,-20.9912,-27.3504,-20.16814,-0.594696,-25.89728,-74.7612
1958M02,41.26,4.47,1.56,32.3,4.085586,8.555586,-25.45457,-1.04,-0.5,-0.24,-24.92584,-20.9912,-27.3504,23.50599,-0.594696,-25.89728
1958M03,42.11,4.37,1.35,31.9,24.72135,29.09135,-14.86067,-0.21,-1.04,-0.5,-25.45457,-24.92584,-20.9912,4.085586,23.50599,-0.594696
1958M04,42.34,4.33,1.13,31.4,6.55425,10.88425,-18.80878,-0.22,-0.21,-1.04,-14.86067,-25.45457,-24.92584,24.72135,4.085586,23.50599
1958M05,43.7,4.19,1.05,31.7,38.54513,42.73513,11.46501,-0.08,-0.22,-0.21,-18.80878,-14.86067,-25.45457,6.55425,24.72135,4.085586
1958M06,44.75,4.08,0.88,32.6,28.83293,32.91293,34.06931,-0.17,-0.08,-0.22,11.46501,-18.80878,-14.86067,38.54513,6.55425,24.72135
1958M07,45.98,3.98,0.96,33,32.98323,36.96323,14.72398,0.08,-0.17,-0.08,34.06931,11.46501,-18.80878,28.83293,38.54513,6.55425
1958M08,47.7,3.78,1.69,33.7,44.88911,48.66911,25.45457,0.73,0.08,-0.17,14.72398,34.06931,11.46501,32.98323,28.83293,38.54513
1958M09,48.96,3.69,2.48,34,31.69807,35.38807,10.68247,0.79,0.73,0.08,25.45457,14.72398,34.06931,44.88911,32.98323,28.83293
1958M10,50.95,3.54,2.79,34.4,48.77455,52.31455,14.1177,0.31,0.79,0.73,10.68247,25.45457,14.72398,31.69807,44.88911,32.98323
1958M11,52.5,3.42,2.76,35.4,36.50636,39.92636,34.88372,-0.03,0.31,0.79,14.1177,10.68247,25.45457,48.77455,31.69807,44.88911
1958M12,53.49,3.33,2.81,35.5,22.62861,25.95861,3.389779,0.05,-0.03,0.31,34.88372,14.1177,10.68247,36.50636,48.77455,31.69807
1959M01,55.62,3.24,2.84,36,47.78457,51.02457,16.90141,0.03,0.05,-0.03,3.389779,34.88372,14.1177,22.62861,36.50636,48.77455
1959M02,54.77,3.32,2.71,36.7,-18.3387,-15.0187,23.33336,-0.13,0.03,0.05,16.90141,3.389779,34.88372,47.78457,22.62861,36.50636
1959M03,56.15,3.25,2.85,37.2,30.23555,33.48555,16.34877,0.14,-0.13,0.03,23.33336,16.90141,3.389779,-18.3387,47.78457,22.62861
1959M04,57.1,3.26,2.96,38,20.30269,23.56269,25.80643,0.11,0.14,-0.13,16.34877,23.33336,16.90141,30.23555,-18.3387,47.78457
1959M05,57.96,3.21,2.85,38.6,18.07357,21.28357,18.94732,-0.11,0.11,0.14,25.80643,16.34877,23.33336,20.30269,30.23555,-18.3387
1959M06,57.46,3.23,3.25,38.6,-10.35197,-7.121967,0,0.4,-0.11,0.11,18.94732,25.80643,16.34877,18.07357,20.30269,30.23555
1959M07,59.74,3.11,3.24,37.7,47.61579,50.72579,-27.97921,-0.01,0.4,-0.11,0,18.94732,25.80643,-10.35197,18.07357,20.30269
1959M08,59.4,3.14,3.36,36.4,-6.829598,-3.689598,-41.37928,0.12,-0.01,0.4,-27.97921,0,18.94732,47.61579,-10.35197,18.07357
1959M09,57.05,3.26,4,36.4,-47.47479,-44.21479,0,0.64,0.12,-0.01,-41.37928,-27.97921,0,-6.829598,47.61579,-10.35197
1959M10,57,3.26,4.12,36.1,-1.051693,2.208307,-9.89021,0.12,0.64,0.12,0,-41.37928,-27.97921,-47.47479,-6.829598,47.61579
1959M11,57.23,3.24,4.21,36.3,4.842096,8.082096,6.648225,0.09,0.12,0.64,-9.89021,0,-41.37928,-1.051693,-47.47479,-6.829598
1959M12,59.06,3.18,4.57,38.6,38.37152,41.55152,76.03304,0.36,0.09,0.12,6.648225,-9.89021,0,4.842096,-1.051693,-47.47479
1960M01,58.03,3.27,4.44,39.6,-20.92792,-17.65792,31.08809,-0.13,0.36,0.09,76.03304,6.648225,-9.89021,38.37152,4.842096,-1.051693
1960M02,55.78,3.44,3.95,39.2,-46.52766,-43.08766,-12.12114,-0.49,-0.13,0.36,31.08809,76.03304,6.648225,-20.92792,38.37152,4.842096
1960M03,55.02,3.51,3.44,38.9,-16.34991,-12.83991,-9.18365,-0.51,-0.49,-0.13,-12.12114,31.08809,76.03304,-46.52766,-20.92792,38.37152
1960M04,55.73,3.47,3.24,38.6,15.48526,18.95526,-9.254593,-0.2,-0.51,-0.49,-9.18365,-12.12114,31.08809,-16.34991,-46.52766,-20.92792
1960M05,55.22,3.51,3.39,38.5,-10.98148,-7.471482,-3.108761,0.15,-0.2,-0.51,-9.254593,-9.18365,-12.12114,15.48526,-16.34991,-46.52766
1960M06,57.26,3.4,2.64,38.1,44.3317,47.7317,-12.46758,-0.75,0.15,-0.2,-3.108761,-9.254593,-9.18365,-10.98148,15.48526,-16.34991
1960M07,55.84,3.49,2.4,37.9,-29.75896,-26.26896,-6.299117,-0.24,-0.75,0.15,-12.46758,-3.108761,-9.254593,44.3317,-10.98148,15.48526
1960M08,56.51,3.43,2.29,37.9,14.39824,17.82824,0,-0.11,-0.24,-0.75,-6.299117,-12.46758,-3.108761,-29.75896,44.3317,-10.98148
1960M09,54.81,3.55,2.49,37.5,-36.09974,-32.54974,-12.66496,0.2,-0.11,-0.24,0,-6.299117,-12.46758,14.39824,-29.75896,44.3317
1960M10,53.73,3.6,2.43,37.4,-23.64536,-20.04536,-3.199951,-0.06,0.2,-0.11,-12.66496,0,-6.299117,-36.09974,14.39824,-29.75896
1960M11,55.47,3.51,2.38,36.9,38.86101,42.37101,-16.04278,-0.05,-0.06,0.2,-3.199951,-12.66496,0,-23.64536,-36.09974,14.39824
1960M12,56.8,3.41,2.27,36.2,28.77227,32.18227,-22.76425,-0.11,-0.05,-0.06,-16.04278,-3.199951,-12.66496,38.86101,-23.64536,-36.09974
1961M01,59.72,3.28,2.3,36.3,61.69019,64.97018,3.314866,0.03,-0.11,-0.05,-22.76425,-16.04278,-3.199951,28.77227,38.86101,-23.64536
1961M02,62.17,3.13,2.41,36.2,49.22968,52.35968,-3.305735,0.11,0.03,-0.11,3.314866,-22.76425,-16.04278,61.69019,28.77227,38.86101
1961M03,64.12,3.03,2.42,36.4,37.63882,40.66882,6.629859,0.01,0.11,0.03,-3.305735,3.314866,-22.76425,49.22968,61.69019,28.77227
1961M04,65.83,2.95,2.33,37.2,32.00248,34.95248,26.3736,-0.09,0.01,0.11,6.629859,-3.305735,3.314866,37.63882,49.22968,61.69019
1961M05,66.5,2.92,2.29,37.7,12.21324,15.13324,16.12903,-0.04,-0.09,0.01,26.3736,6.629859,-3.305735,32.00248,37.63882,49.22968
1961M06,65.62,2.99,2.36,38.3,-15.87965,-12.88965,19.09809,0.07,-0.04,-0.09,16.12903,26.3736,6.629859,12.21324,32.00248,37.63882
1961M07,65.44,2.99,2.27,38.7,-3.291685,-0.301685,12.53269,-0.09,0.07,-0.04,19.09809,16.12903,26.3736,-15.87965,12.21324,32.00248
1961M08,67.79,2.91,2.4,39.1,43.09288,46.00288,12.40303,0.13,-0.09,0.07,12.53269,19.09809,16.12903,-3.291685,-15.87965,12.21324
1961M09,67.26,2.93,2.3,39,-9.381893,-6.451893,-3.069007,-0.1,0.13,-0.09,12.40303,12.53269,19.09809,43.09288,-3.291685,-15.87965
1961M10,68,2.91,2.35,39.8,13.20246,16.11246,24.61536,0.05,-0.1,0.13,-3.069007,12.40303,12.53269,-9.381893,43.09288,-3.291685
1961M11,71.08,2.83,2.46,40.4,54.35297,57.18298,18.09052,0.11,0.05,-0.1,24.61536,-3.069007,12.40303,13.20246,-9.381893,43.09288
1961M12,71.74,2.85,2.62,40.7,11.14231,13.99231,8.910869,0.16,0.11,0.05,18.09052,24.61536,-3.069007,54.35297,13.20246,-9.381893
1962M01,69.07,2.97,2.75,40.4,-44.66125,-41.69125,-8.845186,0.13,0.16,0.11,8.910869,18.09052,24.61536,11.14231,54.35297,13.20246
1962M02,70.22,2.95,2.75,41.1,19.97976,22.92976,20.79199,0,0.13,0.16,-8.845186,8.910869,18.09052,-44.66125,11.14231,54.35297
1962M03,70.29,2.95,2.72,41.3,1.196235,4.146235,5.839438,-0.03,0,0.13,20.79199,-8.845186,8.910869,19.97976,-44.66125,11.14231
1962M04,68.05,3.05,2.73,41.4,-38.24154,-35.19154,2.905636,0.01,-0.03,0,5.839438,20.79199,-8.845186,1.196235,19.97976,-44.66125
1962M05,62.99,3.32,2.69,41.3,-89.22853,-85.90853,-2.898617,-0.04,0.01,-0.03,2.905636,5.839438,20.79199,-38.24154,1.196235,19.97976
1962M06,55.63,3.78,2.72,41.2,-140.2127,-136.4327,-2.905525,0.03,-0.04,0.01,-2.898617,2.905636,5.839438,-89.22853,-38.24154,1.196235
1962M07,56.97,3.68,2.94,41.6,28.90527,32.58527,11.65042,0.22,0.03,-0.04,-2.905525,-2.898617,2.905636,-140.2127,-89.22853,-38.24154
1962M08,58.52,3.57,2.84,41.7,32.64875,36.21875,2.884681,-0.1,0.22,0.03,11.65042,-2.905525,-2.898617,28.90527,-140.2127,-89.22853
1962M09,58,3.6,2.79,41.9,-10.66303,-7.063031,5.755418,-0.05,-0.1,0.22,2.884681,11.65042,-2.905525,32.64875,28.90527,-140.2127
1962M10,56.17,3.71,2.75,42,-37.86211,-34.15211,2.863918,-0.04,-0.05,-0.1,5.755418,2.884681,11.65042,-10.66303,32.64875,28.90527
1962M11,60.04,3.5,2.8,42.2,82.67764,86.17764,5.714308,0.05,-0.04,-0.05,2.863918,5.755418,2.884681,-37.86211,-10.66303,32.64875
1962M12,62.64,3.4,2.86,42.2,51.96532,55.36533,0,0.06,0.05,-0.04,5.714308,2.863918,5.755418,82.67764,-37.86211,-10.66303
1963M01,65.06,3.31,2.91,42.5,46.36012,49.67012,8.530784,0.05,0.06,0.05,0,5.714308,2.863918,51.96532,82.67764,-37.86211
1963M02,65.92,3.27,2.92,42.9,15.86229,19.13229,11.29416,0.01,0.05,0.06,8.530784,0,5.714308,46.36012,51.96532,82.67764
1963M03,65.67,3.28,2.9,43.2,-4.550971,-1.270971,8.391587,-0.02,0.01,0.05,11.29416,8.530784,0,15.86229,46.36012,51.96532
1963M04,68.76,3.15,2.91,43.6,56.46421,59.61421,11.11105,0.01,-0.02,0.01,8.391587,11.29416,8.530784,-4.550971,15.86229,46.36012
1963M05,70.14,3.13,2.92,44.1,24.08372,27.21372,13.76147,0.01,0.01,-0.02,11.11105,8.391587,11.29416,56.46421,-4.550971,15.86229
1963M06,70.11,3.16,3,44.3,-0.513238,2.646762,5.442198,0.08,0.01,0.01,13.76147,11.11105,8.391587,24.08372,56.46421,-4.550971
1963M07,69.07,3.2,3.14,44.1,-17.80061,-14.60061,-5.417628,0.14,0.08,0.01,5.442198,13.76147,11.11105,-0.513238,24.08372,56.46421
1963M08,70.98,3.13,3.32,44.2,33.18379,36.31379,2.721151,0.18,0.14,0.08,-5.417628,5.442198,13.76147,-17.80061,-0.513238,24.08372
1963M09,72.85,3.06,3.38,44.6,31.61446,34.67446,10.85967,0.06,0.18,0.14,2.721151,-5.417628,5.442198,33.18379,-17.80061,-0.513238
1963M10,73.03,3.05,3.45,44.9,2.965002,6.015001,8.071831,0.07,0.06,0.18,10.85967,2.721151,-5.417628,31.61446,33.18379,-17.80061
1963M11,72.62,3.14,3.52,45.1,-6.736892,-3.596892,5.34513,0.07,0.07,0.06,8.071831,10.85967,2.721151,2.965002,31.61446,33.18379
1963M12,74.17,3.13,3.52,45.1,25.6127,28.7427,0,0,0.07,0.07,5.34513,8.071831,10.85967,-6.736892,2.965002,31.61446
1964M01,76.45,3.06,3.53,45.5,36.88821,39.94821,10.64306,0.01,0,0.07,0,5.34513,8.071831,25.6127,-6.736892,2.965002
1964M02,77.39,3.05,3.53,45.8,14.75478,17.80478,7.912068,0,0.01,0,10.64306,0,5.34513,36.88821,25.6127,-6.736892
1964M03,78.8,3.03,3.55,45.8,21.86335,24.89335,0,0.02,0,0.01,7.912068,10.64306,0,14.75478,36.88821,25.6127
1964M04,79.94,3,3.48,46.5,17.3604,20.3604,18.34063,-0.07,0.02,0,0,7.912068,10.64306,21.86335,14.75478,36.88821
1964M05,80.72,3.01,3.48,46.8,11.70876,14.71876,7.741916,0,-0.07,0.02,18.34063,0,7.912068,17.3604,21.86335,14.75478
1964M06,80.24,3.05,3.48,46.9,-7.135828,-4.085828,2.564161,0,0,-0.07,7.741916,18.34063,0,11.70876,17.3604,21.86335
1964M07,83.22,2.96,3.48,47.2,44.56635,47.52635,7.675886,0,0,0,2.564161,7.741916,18.34063,-7.135828,11.70876,17.3604
1964M08,82,3.03,3.51,47.5,-17.59194,-14.56194,7.627099,0.03,0,0,7.675886,2.564161,7.741916,44.56635,-7.135828,11.70876
1964M09,83.41,3,3.53,47.7,20.6342,23.6342,5.052651,0.02,0.03,0,7.627099,7.675886,2.564161,-17.59194,44.56635,-7.135828
1964M10,84.85,2.95,3.58,47,20.71687,23.66687,-17.61008,0.05,0.02,0.03,5.052651,7.627099,7.675886,20.6342,-17.59194,44.56635
1964M11,85.44,2.96,3.62,48.5,8.344193,11.30419,38.29787,0.04,0.05,0.02,-17.61008,5.052651,7.627099,20.71687,20.6342,-17.59194
1964M12,83.96,3.05,3.86,49.1,-20.78656,-17.73656,14.84532,0.24,0.04,0.05,38.29787,-17.61008,5.052651,8.344193,20.71687,20.6342
1965M01,86.12,2.99,3.83,49.6,30.8719,33.8619,12.21996,-0.03,0.24,0.04,14.84532,38.29787,-17.61008,-20.78656,8.344193,20.71687
1965M02,86.75,2.99,3.93,49.9,8.77841,11.76841,7.258139,0.1,-0.03,0.24,12.21996,14.84532,38.29787,30.8719,-20.78656,8.344193
1965M03,86.83,2.99,3.94,50.6,1.106654,4.096653,16.83359,0.01,0.1,-0.03,7.258139,12.21996,14.84532,8.77841,30.8719,-20.78656
1965M04,87.97,2.95,3.93,50.8,15.75492,18.70492,4.743101,-0.01,0.01,0.1,16.83359,7.258139,12.21996,1.106654,8.77841,30.8719
1965M05,89.28,2.92,3.9,51.2,17.86969,20.78969,9.448855,-0.03,-0.01,0.01,4.743101,16.83359,7.258139,15.75492,1.106654,8.77841
1965M06,85.04,3.07,3.81,51.6,-56.98922,-53.91922,9.374947,-0.09,-0.03,-0.01,9.448855,4.743101,16.83359,17.86969,15.75492,1.106654
1965M07,84.91,3.09,3.83,52.1,-1.834392,1.255608,11.62791,0.02,-0.09,-0.03,9.374947,9.448855,4.743101,-56.98922,17.86969,15.75492
1965M08,86.49,3.06,3.84,52.3,22.32944,25.38944,4.606544,0.01,0.02,-0.09,11.62791,9.374947,9.448855,-1.834392,-56.98922,17.86969
1965M09,89.38,2.98,3.91,52.4,40.09711,43.07711,2.294508,0.07,0.01,0.02,4.606544,11.62791,9.374947,22.32944,-1.834392,-56.98922
1965M10,91.39,2.91,4.03,52.9,26.98593,29.89593,11.45038,0.12,0.07,0.01,2.294508,4.606544,11.62791,40.09711,22.32944,-1.834392
1965M11,92.15,2.96,4.08,53.2,9.979239,12.93924,6.805276,0.05,0.12,0.07,11.45038,2.294508,4.606544,26.98593,40.09711,22.32944
1965M12,91.73,3.06,4.36,53.8,-5.469319,-2.409319,13.5338,0.28,0.05,0.12,6.805276,11.45038,2.294508,9.979239,26.98593,40.09711
1966M01,93.32,3.02,4.6,54.4,20.80013,23.82013,13.38295,0.24,0.28,0.05,13.5338,6.805276,11.45038,-5.469319,9.979239,26.98593
1966M02,92.69,3.06,4.67,54.7,-8.101122,-5.041122,6.61763,0.07,0.24,0.28,13.38295,13.5338,6.805276,20.80013,-5.469319,9.979239
1966M03,88.88,3.23,4.63,55.5,-49.32578,-46.09578,17.55026,-0.04,0.07,0.24,6.61763,13.38295,13.5338,-8.101122,20.80013,-5.469319
1966M04,91.6,3.15,4.61,55.5,36.72369,39.87369,0,-0.02,-0.04,0.07,17.55026,6.61763,13.38295,-49.32578,-8.101122,20.80013
1966M05,86.78,3.3,4.64,56.1,-63.1441,-59.8441,12.97294,0.03,-0.02,-0.04,0,17.55026,6.61763,36.72369,-49.32578,-8.101122
1966M06,86.06,3.36,4.54,56.3,-9.956228,-6.596229,4.278091,-0.1,0.03,-0.02,12.97294,0,17.55026,-63.1441,36.72369,-49.32578
1966M07,85.84,3.37,4.86,56.6,-3.067644,0.302356,6.3943,0.32,-0.1,0.03,4.278091,12.97294,0,-9.956228,-63.1441,36.72369
1966M08,80.65,3.6,4.93,56.7,-72.55351,-68.95351,2.12019,0.07,0.32,-0.1,6.3943,4.278091,12.97294,-3.067644,-9.956228,-63.1441
1966M09,77.81,3.75,5.36,57.2,-42.25672,-38.50672,10.58201,0.43,0.07,0.32,2.12019,6.3943,4.278091,-72.55351,-3.067644,-9.956228
1966M10,77.13,3.76,5.39,57.6,-10.48709,-6.727089,8.391561,0.03,0.43,0.07,10.58201,2.12019,6.3943,-42.25672,-72.55351,-3.067644
1966M11,80.99,3.66,5.34,57.2,60.05446,63.71446,-8.333286,-0.05,0.03,0.43,8.391561,10.58201,2.12019,-10.48709,-42.25672,-72.55351
1966M12,81.33,3.59,5.01,57.3,5.037718,8.627718,2.09787,-0.33,-0.05,0.03,-8.333286,8.391561,10.58201,60.05446,-10.48709,-42.25672
1967M01,84.45,3.51,4.76,57.6,46.0346,49.5446,6.282707,-0.25,-0.33,-0.05,2.09787,-8.333286,8.391561,5.037718,60.05446,-10.48709
1967M02,87.36,3.36,4.55,57,41.34996,44.70996,-12.49997,-0.21,-0.25,-0.33,6.282707,2.09787,-8.333286,46.0346,5.037718,60.05446
1967M03,89.42,3.29,4.29,56.6,28.29667,31.58667,-8.421085,-0.26,-0.21,-0.25,-12.49997,6.282707,2.09787,41.34996,46.0346,5.037718
1967M04,90.96,3.24,3.85,57.2,20.66653,23.90653,12.7209,-0.44,-0.26,-0.21,-8.421085,-12.49997,6.282707,28.29667,41.34996,46.0346
1967M05,92.59,3.19,3.64,56.7,21.50392,24.69392,-10.48951,-0.21,-0.44,-0.26,12.7209,-8.421085,-12.49997,20.66653,28.29667,41.34996
1967M06,91.43,3.19,3.48,56.7,-15.03397,-11.84397,0,-0.16,-0.21,-0.44,-10.48951,12.7209,-8.421085,21.50392,20.66653,28.29667
1967M07,93.01,3.15,4.31,56.5,20.7372,23.8872,-4.23282,0.83,-0.16,-0.21,0,-10.48951,12.7209,-15.03397,21.50392,20.66653
1967M08,94.49,3.11,4.28,57.6,19.09467,22.20467,23.3628,-0.03,0.83,-0.16,-4.23282,0,-10.48951,20.7372,-15.03397,21.50392
1967M09,95.81,3.07,4.45,57.5,16.76368,19.83368,-2.083302,0.17,-0.03,0.83,23.3628,-4.23282,0,19.09467,20.7372,-15.03397
1967M10,95.66,3.07,4.59,58,-1.878642,1.191358,10.43478,0.14,0.17,-0.03,-2.083302,23.3628,-4.23282,16.76368,19.09467,20.7372
1967M11,92.66,3.18,4.76,58.8,-37.63329,-34.45329,16.55171,0.17,0.14,0.17,10.43478,-2.083302,23.3628,-1.878642,16.76368,19.09467
1967M12,95.3,3.09,5.01,59.5,34.1895,37.2795,14.28573,0.25,0.17,0.14,16.55171,10.43478,-2.083302,-37.63329,-1.878642,16.76368
1968M01,95.04,3.13,5.08,59.4,-3.273899,-0.143899,-2.016776,0.07,0.25,0.17,14.28573,16.55171,10.43478,34.1895,-37.63329,-1.878642
1968M02,90.75,3.28,4.97,59.6,-54.16668,-50.88668,4.040342,-0.11,0.07,0.25,-2.016776,14.28573,16.55171,-3.273899,34.1895,-37.63329
1968M03,89.09,3.34,5.14,59.8,-21.95046,-18.61046,4.026861,0.17,-0.11,0.07,4.040342,-2.016776,14.28573,-54.16668,-3.273899,34.1895
1968M04,95.67,3.12,5.37,59.9,88.6295,91.7495,2.006735,0.23,0.17,-0.11,4.026861,4.040342,-2.016776,-21.95046,-54.16668,-3.273899
1968M05,97.87,3.07,5.62,60.6,27.59492,30.66492,14.02331,0.25,0.23,0.17,2.006735,4.026861,4.040342,88.6295,-21.95046,-54.16668
1968M06,100.53,3,5.54,60.8,32.61464,35.61464,3.960411,-0.08,0.25,0.23,14.02331,2.006735,4.026861,27.59492,88.6295,-21.95046
1968M07,100.3,3,5.38,60.7,-2.745398,0.254602,-1.973654,-0.16,-0.08,0.25,3.960411,14.02331,2.006735,32.61464,27.59492,88.6295
1968M08,98.11,3.09,5.09,60.9,-26.20143,-23.11143,3.953887,-0.29,-0.16,-0.08,-1.973654,3.960411,14.02331,-2.745398,32.61464,27.59492
1968M09,101.34,3.01,5.2,61.1,39.50662,42.51662,3.940826,0.11,-0.29,-0.16,3.953887,-1.973654,3.960411,-26.20143,-2.745398,32.61464
1968M10,103.76,2.94,5.33,61.2,28.65608,31.59608,1.964038,0.13,0.11,-0.29,3.940826,3.953887,-1.973654,39.50662,-26.20143,-2.745398
1968M11,105.4,2.92,5.49,62,18.96684,21.88684,15.68626,0.16,0.13,0.11,1.964038,3.940826,3.953887,28.65608,39.50662,-26.20143
1968M12,106.48,2.93,5.92,62.2,12.29604,15.22604,3.870983,0.43,0.16,0.13,15.68626,1.964038,3.940826,18.96684,28.65608,39.50662
1969M01,102.04,3.06,6.18,62.6,-50.03759,-46.97759,7.716998,0.26,0.43,0.16,3.870983,15.68626,1.964038,12.29604,18.96684,28.65608
1969M02,101.46,3.1,6.16,63,-6.820876,-3.720876,7.667761,-0.02,0.26,0.43,7.716998,3.870983,15.68626,-50.03759,12.29604,18.96684
1969M03,99.3,3.17,6.08,63.5,-25.54697,-22.37697,9.523809,-0.08,-0.02,0.26,7.667761,7.716998,3.870983,-6.820876,-50.03759,12.29604
1969M04,101.26,3.11,6.15,63.2,23.68579,26.79579,-5.669277,0.07,-0.08,-0.02,9.523809,7.667761,7.716998,-25.54697,-6.820876,-50.03759
1969M05,104.62,3.02,6.08,63,39.81829,42.83829,-3.797483,-0.07,0.07,-0.08,-5.669277,9.523809,7.667761,23.68579,-25.54697,-6.820876
1969M06,99.14,3.18,6.49,63.6,-62.85609,-59.67609,11.42854,0.41,-0.07,0.07,-3.797483,-5.669277,9.523809,39.81829,23.68579,-25.54697
1969M07,94.71,3.34,7,63.9,-53.62114,-50.28114,5.660435,0.51,0.41,-0.07,11.42854,-3.797483,-5.669277,-62.85609,39.81829,23.68579
1969M08,94.18,3.37,7.01,64.1,-6.71522,-3.345221,3.755811,0.01,0.51,0.41,5.660435,11.42854,-3.797483,-53.62114,-62.85609,39.81829
1969M09,94.51,3.33,7.13,64.1,4.204738,7.534738,0,0.12,0.01,0.51,3.755811,5.660435,11.42854,-6.71522,-53.62114,-62.85609
1969M10,95.52,3.33,7.04,64.1,12.82397,16.15397,0,-0.09,0.12,0.01,0,3.755811,5.660435,4.204738,-6.71522,-53.62114
1969M11,96.21,3.31,7.19,63.5,8.668372,11.97837,-11.23242,0.15,-0.09,0.12,0,0,3.755811,12.82397,4.204738,-6.71522
1969M12,91.11,3.52,7.72,63.3,-63.61083,-60.09083,-3.779542,0.53,0.15,-0.09,-11.23242,0,0,8.668372,12.82397,4.204738
1970M01,90.31,3.56,7.91,62.1,-10.53675,-6.976755,-22.74883,0.19,0.53,0.15,-3.779542,-11.23242,0,-63.61083,8.668372,12.82397
1970M02,87.16,3.68,7.16,62.1,-41.85575,-38.17575,0,-0.75,0.19,0.53,-22.74883,-3.779542,-11.23242,-10.53675,-63.61083,8.668372
1970M03,88.65,3.6,6.71,62,20.51397,24.11397,-1.932338,-0.45,-0.75,0.19,0,-22.74883,-3.779542,-41.85575,-10.53675,-63.61083
1970M04,85.95,3.7,6.48,61.9,-36.54828,-32.84828,-1.935454,-0.23,-0.45,-0.75,-1.932338,0,-22.74883,20.51397,-41.85575,-10.53675
1970M05,76.06,4.2,7.04,61.8,-138.0803,-133.8803,-1.938655,0.56,-0.23,-0.45,-1.935454,-1.932338,0,-36.54828,20.51397,-41.85575
1970M06,75.59,4.17,6.74,61.6,-7.415218,-3.245218,-3.88351,-0.3,0.56,-0.23,-1.938655,-1.935454,-1.932338,-138.0803,-36.54828,20.51397
1970M07,75.72,4.2,6.47,61.7,2.063843,6.263843,1.948097,-0.27,-0.3,0.56,-3.88351,-1.938655,-1.935454,-7.415218,-138.0803,-36.54828
1970M08,77.92,4.07,6.41,61.6,34.86524,38.93524,-1.944939,-0.06,-0.27,-0.3,1.948097,-3.88351,-1.938655,2.063843,-7.415218,-138.0803
1970M09,82.58,3.82,6.24,61.2,71.76598,75.58598,-7.792163,-0.17,-0.06,-0.27,-1.944939,1.948097,-3.88351,34.86524,2.063843,-7.415218
1970M10,84.37,3.74,5.93,60,26.01115,29.75115,-23.52943,-0.31,-0.17,-0.06,-7.792163,-1.944939,1.948097,71.76598,34.86524,2.063843
1970M11,84.28,3.72,5.29,59.6,-1.280132,2.439868,-8.000031,-0.64,-0.31,-0.17,-23.52943,-7.792163,-1.944939,26.01115,71.76598,34.86524
1970M12,90.05,3.46,4.86,61,82.15479,85.61478,28.18795,-0.43,-0.64,-0.31,-8.000031,-23.52943,-7.792163,-1.280132,26.01115,71.76598
1971M01,93.49,3.32,4.49,61.5,45.84113,49.16113,9.836065,-0.37,-0.43,-0.64,28.18795,-8.000031,-23.52943,82.15479,-1.280132,26.01115
1971M02,97.11,3.18,3.77,61.3,46.4649,49.6449,-3.902454,-0.72,-0.37,-0.43,9.836065,28.18795,-8.000031,45.84113,82.15479,-1.280132
1971M03,99.6,3.1,3.32,61.3,30.7692,33.8692,0,-0.45,-0.72,-0.37,-3.902454,9.836065,28.18795,46.4649,45.84113,82.15479
1971M04,103.04,2.99,3.78,61.6,41.44582,44.43582,5.872742,0.46,-0.45,-0.72,0,-3.902454,9.836065,30.7692,46.4649,45.84113
1971M05,101.64,3.04,4.14,61.9,-16.30437,-13.26437,5.844215,0.36,0.46,-0.45,5.872742,0,-3.902454,41.44582,30.7692,46.4649
1971M06,99.72,3.1,4.7,62.2,-22.66822,-19.56822,5.815817,0.56,0.36,0.46,5.844215,5.872742,0,-16.30437,41.44582,30.7692
1971M07,99,3.13,5.41,62,-8.664274,-5.534274,-3.858535,0.71,0.56,0.36,5.815817,5.844215,5.872742,-22.66822,-16.30437,41.44582
1971M08,97.24,3.18,5.08,61.7,-21.33336,-18.15336,-5.806437,-0.33,0.71,0.56,-3.858535,5.815817,5.844215,-8.664274,-22.66822,-16.30437
1971M09,99.4,3.09,4.67,62.7,26.65574,29.74574,19.44895,-0.41,-0.33,0.71,-5.806437,-3.858535,5.815817,-21.33336,-8.664274,-22.66822
1971M10,97.29,3.16,4.49,63.1,-25.47284,-22.31284,7.655458,-0.18,-0.41,-0.33,19.44895,-5.806437,-3.858535,26.65574,-21.33336,-8.664274
1971M11,92.78,3.31,4.19,63.4,-55.62753,-52.31753,5.705288,-0.3,-0.18,-0.41,7.655458,19.44895,-5.806437,-25.47284,26.65574,-21.33336
1971M12,99.17,3.1,4.02,64.1,82.64711,85.74711,13.24915,-0.17,-0.3,-0.18,5.705288,7.655458,19.44895,-55.62753,-25.47284,26.65574
1972M01,103.3,2.96,3.4,65.6,49.97485,52.93485,28.08112,-0.62,-0.17,-0.3,13.24915,5.705288,7.655458,82.64711,-55.62753,-25.47284
1972M02,105.24,2.92,3.18,66,22.53624,25.45624,7.317101,-0.22,-0.62,-0.17,28.08112,13.24915,5.705288,49.97485,82.64711,-55.62753
1972M03,107.69,2.86,3.72,66.5,27.9362,30.7962,9.090909,0.54,-0.22,-0.62,7.317101,28.08112,13.24915,22.53624,49.97485,82.64711
1972M04,108.81,2.83,3.72,67.6,12.48021,15.31021,19.8496,0,0.54,-0.22,9.090909,7.317101,28.08112,27.9362,22.53624,49.97485
1972M05,107.65,2.88,3.65,67.5,-12.7929,-9.912898,-1.775121,-0.07,0,0.54,19.8496,9.090909,7.317101,12.48021,27.9362,22.53624
1972M06,108.01,2.87,3.87,67.7,4.013012,6.883012,3.555501,0.22,-0.07,0,-1.775121,19.8496,9.090909,-12.7929,12.48021,27.9362
1972M07,107.21,2.9,4.06,67.6,-8.8881,-5.9881,-1.772499,0.19,0.22,-0.07,3.555501,-1.775121,19.8496,4.013012,-12.7929,12.48021
1972M08,111.01,2.8,4.01,68.5,42.53338,45.33338,15.97636,-0.05,0.19,0.22,-1.772499,3.555501,-1.775121,-8.8881,4.013012,-12.7929
1972M09,109.39,2.83,4.65,69.2,-17.51196,-14.68196,12.26272,0.64,-0.05,0.19,15.97636,-1.772499,3.555501,42.53338,-8.8881,4.013012
1972M10,109.56,2.82,4.72,70.2,1.864867,4.684867,17.34104,0.07,0.64,-0.05,12.26272,15.97636,-1.772499,-17.51196,42.53338,-8.8881
1972M11,115.05,2.73,4.77,71.1,60.1315,62.8615,15.38464,0.05,0.07,0.64,17.34104,12.26272,15.97636,1.864867,-17.51196,42.53338
1972M12,117.5,2.7,5.06,71.7,25.55407,28.25407,10.12656,0.29,0.05,0.07,15.38464,17.34104,12.26272,60.1315,1.864867,-17.51196
1973M01,118.42,2.69,5.31,71.8,9.395726,12.08573,1.673742,0.25,0.29,0.05,10.12656,15.38464,17.34104,25.55407,60.1315,1.864867
1973M02,114.16,2.8,5.56,72.8,-43.16833,-40.36833,16.71309,0.25,0.25,0.29,1.673742,10.12656,15.38464,9.395726,25.55407,60.1315
1973M03,112.42,2.83,6.05,72.8,-18.29018,-15.46018,0,0.49,0.25,0.25,16.71309,1.673742,10.12656,-43.16833,9.395726,25.55407
1973M04,110.27,2.9,6.29,73,-22.94967,-20.04967,3.296653,0.24,0.49,0.25,0,16.71309,1.673742,-18.29018,-43.16833,9.395726
1973M05,107.22,3.01,6.35,73.4,-33.19121,-30.18121,6.575367,0.06,0.24,0.49,3.296653,0,16.71309,-22.94967,-18.29018,-43.16833
1973M06,104.75,3.06,7.19,73.9,-27.64411,-24.58411,8.174387,0.84,0.06,0.24,6.575367,3.296653,0,-33.19121,-22.94967,-18.29018
1973M07,105.83,3.04,8.02,74.4,12.37234,15.41234,8.11908,0.83,0.84,0.06,8.174387,6.575367,3.296653,-27.64411,-33.19121,-22.94967
1973M08,103.8,3.16,8.67,74.3,-23.01803,-19.85803,-1.612879,0.65,0.83,0.84,8.11908,8.174387,6.575367,12.37234,-27.64411,-33.19121
1973M09,105.61,3.13,8.48,74.9,20.92483,24.05483,9.690419,-0.19,0.65,0.83,-1.612879,8.11908,8.174387,-23.01803,12.37234,-27.64411
1973M10,109.84,3.05,7.16,75.2,48.06358,51.11358,4.806335,-1.32,-0.19,0.65,9.690419,-1.612879,8.11908,20.92483,-23.01803,12.37234
1973M11,102.03,3.36,7.87,75.2,-85.32408,-81.96408,0,0.71,-1.32,-0.19,4.806335,9.690419,-1.612879,48.06358,20.92483,-23.01803
1973M12,94.78,3.7,7.36,74,-85.26904,-81.56905,-19.14889,-0.51,0.71,-1.32,0,4.806335,9.690419,-85.32408,48.06358,20.92483
1974M01,96.11,3.64,7.75,73,16.83902,20.47902,-16.21622,0.39,-0.51,0.71,-19.14889,0,4.806335,-85.26904,-85.32408,48.06358
1974M02,93.45,3.81,7.06,72.7,-33.21199,-29.40199,-4.931557,-0.69,0.39,-0.51,-16.21622,-19.14889,0,16.83902,-85.26904,-85.32408
1974M03,97.44,3.65,7.99,73,51.23603,54.88603,4.951908,0.93,-0.69,0.39,-4.931557,-16.21622,-19.14889,-33.21199,16.83902,-85.26904
1974M04,92.46,3.86,8.23,72.9,-61.33009,-57.47009,-1.643811,0.24,0.93,-0.69,4.951908,-4.931557,-16.21622,51.23603,-33.21199,16.83902
1974M05,89.67,4,8.43,73.8,-36.21027,-32.21027,14.81484,0.200001,0.24,0.93,-1.643811,4.951908,-4.931557,-61.33009,51.23603,-33.21199
1974M06,89.79,4.02,8.14,74,1.605925,5.625925,3.251983,-0.29,0.200001,0.24,14.81484,-1.643811,4.951908,-36.21027,-61.33009,51.23603
1974M07,82.82,4.42,7.75,73.6,-93.1507,-88.73071,-6.486511,-0.39,-0.29,0.200001,3.251983,14.81484,-1.643811,1.605925,-36.21027,-61.33009
1974M08,76.03,4.9,8.74,73.4,-98.38204,-93.48204,-3.26082,0.99,-0.39,-0.29,-6.486511,3.251983,14.81484,-93.1507,1.605925,-36.21027
1974M09,68.12,5.45,8.36,73.7,-124.8454,-119.3954,4.904557,-0.38,0.99,-0.39,-3.26082,-6.486511,3.251983,-98.38204,-93.1507,1.605925
1974M10,69.44,5.38,7.24,73.2,23.25308,28.63308,-8.141113,-1.12,-0.38,0.99,4.904557,-3.26082,-6.486511,-124.8454,-98.38204,-93.1507
1974M11,71.74,5.13,7.58,71.1,39.74646,44.87646,-34.4262,0.34,-1.12,-0.38,-8.141113,4.904557,-3.26082,23.25308,-124.8454,-98.38204
1974M12,67.07,5.43,7.18,68.1,-78.11539,-72.68539,-50.63291,-0.4,0.34,-1.12,-34.4262,-8.141113,4.904557,39.74646,23.25308,-124.8454
1975M01,72.56,5.07,6.49,66.3,98.22569,103.2957,-31.71798,-0.69,-0.4,0.34,-50.63291,-34.4262,-8.141113,-78.11539,39.74646,23.25308
1975M02,80.1,4.61,5.58,65.3,124.6968,129.3068,-18.09955,-0.91,-0.69,-0.4,-31.71798,-50.63291,-34.4262,98.22569,-78.11539,39.74646
1975M03,83.78,4.42,5.54,64.1,55.1311,59.55109,-22.05215,-0.04,-0.91,-0.69,-18.09955,-31.71798,-50.63291,124.6968,98.22569,-78.11539
1975M04,84.72,4.34,5.69,64.7,13.46387,17.80387,11.23242,0.15,-0.04,-0.91,-22.05215,-18.09955,-31.71798,55.1311,124.6968,98.22569
1975M05,90.1,4.08,5.32,64.5,76.20393,80.28393,-3.709372,-0.37,0.15,-0.04,11.23242,-22.05215,-18.09955,13.46387,55.1311,124.6968
1975M06,92.4,4.02,5.19,65.3,30.63267,34.65267,14.88378,-0.13,-0.37,0.15,-3.709372,11.23242,-22.05215,76.20393,13.46387,55.1311
1975M07,92.49,4.02,6.16,65.7,1.168784,5.188784,7.350576,0.97,-0.13,-0.37,14.88378,-3.709372,11.23242,30.63267,76.20393,13.46387
1975M08,85.71,4.36,6.46,66.9,-87.96626,-83.60625,21.91789,0.3,0.97,-0.13,7.350576,14.88378,-3.709372,1.168784,30.63267,76.20393
1975M09,84.67,4.39,6.38,67.6,-14.56074,-10.17074,12.556,-0.08,0.3,0.97,21.91789,7.350576,14.88378,-87.96626,1.168784,30.63267
1975M10,88.57,4.22,6.08,67.9,55.27344,59.49344,5.325498,-0.3,-0.08,0.3,12.556,21.91789,7.350576,-14.56074,-87.96626,1.168784
1975M11,90.07,4.07,5.47,68.6,20.32291,24.39291,12.37108,-0.61,-0.3,-0.08,5.325498,12.556,21.91789,55.27344,-14.56074,-87.96626
1975M12,88.7,4.14,5.5,69.1,-18.25251,-14.11251,8.746356,0.03,-0.61,-0.3,12.37108,5.325498,12.556,20.32291,55.27344,-14.56074
1976M01,96.86,3.8,4.96,69.9,110.3946,114.1946,13.89296,-0.54,0.03,-0.61,8.746356,12.37108,5.325498,-18.25251,20.32291,55.27344
1976M02,100.64,3.67,4.85,71.1,46.83046,50.50047,20.60081,-0.11,-0.54,0.03,13.89296,8.746356,12.37108,110.3946,-18.25251,20.32291
1976M03,101.08,3.65,5.05,70.9,5.246452,8.896452,-3.375476,0.2,-0.11,-0.54,20.60081,13.89296,8.746356,46.83046,110.3946,-18.25251
1976M04,101.93,3.66,4.88,71.2,10.091,13.751,5.077497,-0.17,0.2,-0.11,-3.375476,20.60081,13.89296,5.246452,46.83046,110.3946
1976M05,101.16,3.76,5.18,72,-9.065005,-5.305005,13.4832,0.3,-0.17,0.2,5.077497,-3.375476,20.60081,10.091,5.246452,46.83046
1976M06,101.77,3.75,5.44,72.1,7.235978,10.98598,1.666641,0.26,0.3,-0.17,13.4832,5.077497,-3.375476,-9.065005,10.091,5.246452
1976M07,104.2,3.64,5.28,72.5,28.65285,32.29285,6.657446,-0.16,0.26,0.3,1.666641,13.4832,5.077497,7.235978,-9.065005,10.091
1976M08,103.29,3.74,5.15,72.9,-10.4798,-6.739801,6.620715,-0.13,-0.16,0.26,6.657446,1.666641,13.4832,28.65285,7.235978,-9.065005
1976M09,105.45,3.71,5.08,73.1,25.09435,28.80435,3.292131,-0.07,-0.13,-0.16,6.620715,6.657446,1.666641,-10.4798,28.65285,7.235978
1976M10,101.89,3.85,4.93,73.4,-40.51207,-36.66207,4.924811,-0.15,-0.07,-0.13,3.292131,6.620715,6.657446,25.09435,-10.4798,28.65285
1976M11,101.19,4.04,4.81,74.6,-8.244149,-4.204149,19.61848,-0.12,-0.15,-0.07,4.924811,3.292131,6.620715,-40.51207,25.09435,-10.4798
1976M12,104.66,3.93,4.36,75.2,41.15033,45.08033,9.65145,-0.45,-0.12,-0.15,19.61848,4.924811,3.292131,-8.244149,-40.51207,25.09435
1977M01,103.81,3.99,4.6,75.5,-9.745913,-5.755913,4.787283,0.24,-0.45,-0.12,9.65145,19.61848,4.924811,41.15033,-8.244149,-40.51207
1977M02,100.96,4.21,4.66,75.9,-32.94479,-28.73479,6.35764,0.06,0.24,-0.45,4.787283,9.65145,19.61848,-9.745913,41.15033,-8.244149
1977M03,100.57,4.37,4.61,76.6,-4.635492,-0.265492,11.06714,-0.05,0.06,0.24,6.35764,4.787283,9.65145,-32.94479,-9.745913,41.15033
1977M04,99.05,4.47,4.54,77.7,-18.13658,-13.66658,17.23235,-0.07,-0.05,0.06,11.06714,6.35764,4.787283,-4.635492,-32.94479,-9.745913
1977M05,98.76,4.57,4.94,78.3,-3.513388,1.056612,9.266503,0.4,-0.07,-0.05,17.23235,11.06714,6.35764,-18.13658,-4.635492,-32.94479
1977M06,99.29,4.6,5,78.9,6.439839,11.03984,9.195378,0.06,0.4,-0.07,9.266503,17.23235,11.06714,-3.513388,-18.13658,-4.635492
1977M07,100.18,4.59,5.15,78.9,10.75636,15.34636,0,0.15,0.06,0.4,9.195378,9.266503,17.23235,6.439839,-3.513388,-18.13658
1977M08,97.75,4.72,5.5,79,-29.10761,-24.38761,1.520889,0.35,0.15,0.06,0,9.195378,9.266503,10.75636,6.439839,-3.513388
1977M09,96.23,4.82,5.77,79.4,-18.65981,-13.83981,6.075973,0.27,0.35,0.15,1.520889,0,9.195378,-29.10761,10.75636,6.439839
1977M10,93.74,4.97,6.19,79.4,-31.05068,-26.08068,0,0.42,0.27,0.35,6.075973,1.520889,0,-18.65981,-29.10761,10.75636
1977M11,94.28,5.02,6.16,79.5,6.912749,11.93275,1.511312,-0.03,0.42,0.27,0,6.075973,1.520889,-31.05068,-18.65981,-29.10761
1977M12,93.82,5.11,6.06,79.1,-5.854888,-0.744888,-6.037759,-0.1,-0.03,0.42,1.511312,0,6.075973,6.912749,-31.05068,-18.65981
1978M01,90.25,5.32,6.45,78.8,-45.6619,-40.3419,-4.551131,0.39,-0.1,-0.03,-6.037759,1.511312,0,-5.854888,6.912749,-31.05068
1978M02,88.98,5.49,6.46,79,-16.88638,-11.39638,3.045639,0.01,0.39,-0.1,-4.551131,-6.037759,1.511312,-45.6619,-5.854888,6.912749
1978M03,88.82,5.68,6.32,80,-2.157837,3.522162,15.18987,-0.14,0.01,0.39,3.045639,-4.551131,-6.037759,-16.88638,-45.6619,-5.854888
1978M04,92.71,5.42,6.31,82,52.55572,57.97572,30,-0.01,-0.14,0.01,15.18987,3.045639,-4.551131,-2.157837,-16.88638,-45.6619
1978M05,97.41,5.2,6.43,82.3,60.83492,66.03492,4.390289,0.12,-0.01,-0.14,30,15.18987,3.045639,52.55572,-2.157837,-16.88638
1978M06,97.66,5.19,6.71,83.1,3.079766,8.269766,11.66457,0.28,0.12,-0.01,4.390289,30,15.18987,60.83492,52.55572,-2.157837
1978M07,97.19,5.25,7.07,83.3,-5.775153,-0.525153,2.888153,0.36,0.28,0.12,11.66457,4.390289,30,3.079766,60.83492,52.55572
1978M08,103.92,4.93,7.04,83.6,83.09492,88.02492,4.321662,-0.03,0.36,0.28,2.888153,11.66457,4.390289,-5.775153,3.079766,60.83492
1978M09,103.86,4.97,7.84,84.1,-0.692813,4.277187,7.177033,0.8,-0.03,0.36,4.321662,2.888153,11.66457,83.09492,-5.775153,3.079766
1978M10,100.58,5.11,8.13,84.5,-37.89716,-32.78716,5.707513,0.29,0.8,-0.03,7.177033,4.321662,2.888153,-0.692813,83.09492,-5.775153
1978M11,94.71,5.45,8.79,85.2,-70.03384,-64.58384,9.940785,0.66,0.29,0.8,5.707513,7.177033,4.321662,-37.89716,-0.692813,83.09492
1978M12,96.11,5.39,9.12,85.4,17.73838,23.12838,2.816966,0.33,0.66,0.29,9.940785,5.707513,7.177033,-70.03384,-37.89716,-0.692813
1979M01,99.71,5.29,9.35,85.1,44.94847,50.23848,-4.215499,0.23,0.33,0.66,2.816966,9.940785,5.707513,17.73838,-70.03384,-37.89716
1979M02,98.23,5.43,9.27,85.8,-17.8116,-12.3816,9.870806,-0.08,0.23,0.33,-4.215499,2.816966,9.940785,44.94847,17.73838,-70.03384
1979M03,100.11,5.36,9.46,86.1,22.96647,28.32647,4.19574,0.19,-0.08,0.23,9.870806,-4.215499,2.816966,-17.8116,44.94847,17.73838
1979M04,102.07,5.35,9.49,85.2,23.49414,28.84414,-12.54358,0.03,0.19,-0.08,4.19574,9.870806,-4.215499,22.96647,-17.8116,44.94847
1979M05,99.73,5.58,9.58,86.2,-27.51049,-21.93049,14.08451,0.09,0.03,0.19,-12.54358,4.19574,9.870806,23.49414,22.96647,-17.8116
1979M06,101.73,5.53,9.04,86.1,24.06497,29.59497,-1.39209,-0.54,0.09,0.03,14.08451,-12.54358,4.19574,-27.51049,23.49414,22.96647
1979M07,102.71,5.5,9.26,85.6,11.55996,17.05996,-6.968641,0.22,-0.54,0.09,-1.39209,14.08451,-12.54358,24.06497,-27.51049,23.49414
1979M08,107.36,5.3,9.45,85.3,54.32774,59.62774,-4.205544,0.19,0.22,-0.54,-6.968641,-1.39209,14.08451,11.55996,24.06497,-27.51049
1979M09,108.6,5.31,10.18,85.5,13.85989,19.16989,2.813556,0.730001,0.19,0.22,-4.205544,-6.968641,-1.39209,54.32774,11.55996,24.06497
1979M10,104.47,5.56,11.47,86,-45.63533,-40.07533,7.017544,1.29,0.730001,0.19,2.813556,-4.205544,-6.968641,13.85989,54.32774,11.55996
1979M11,103.66,5.71,11.87,85.7,-9.304078,-3.594078,-4.186089,0.4,1.29,0.730001,7.017544,2.813556,-4.205544,-45.63533,13.85989,54.32774
1979M12,107.78,5.53,12.07,85.6,47.69433,53.22433,-1.400212,0.2,0.4,1.29,-4.186089,7.017544,2.813556,-9.304078,-45.63533,13.85989
1980M01,110.87,5.41,12.04,85.9,34.40346,39.81346,4.20565,-0.03,0.2,0.4,-1.400212,-4.186089,7.017544,47.69433,-9.304078,-45.63533
1980M02,115.34,5.24,12.81,86.2,48.38092,53.62092,4.190856,0.77,-0.03,0.2,4.20565,-1.400212,-4.186089,34.40346,47.69433,-9.304078
1980M03,104.69,5.87,15.53,86.2,-110.8028,-104.9328,0,2.719999,0.77,-0.03,4.190856,4.20565,-1.400212,48.38092,34.40346,47.69433
1980M04,102.97,6.05,14,84.5,-19.71536,-13.66536,-23.66585,-1.53,2.719999,0.77,0,4.190856,4.20565,-110.8028,48.38092,34.40346
1980M05,107.69,5.77,9.15,82.5,55.00632,60.77633,-28.40237,-4.85,-1.53,2.719999,-23.66585,0,4.190856,-19.71536,-110.8028,48.38092
1980M06,114.55,5.39,7,81.5,76.44164,81.83164,-14.54545,-2.15,-4.85,-1.53,-28.40237,-23.66585,0,55.00632,-19.71536,-110.8028
1980M07,119.83,5.2,8.13,81.2,55.31208,60.51208,-4.417223,1.13,-2.15,-4.85,-14.54545,-28.40237,-23.66585,76.44164,55.00632,-19.71536
1980M08,123.5,5.06,9.26,82.4,36.75204,41.81205,17.73406,1.13,1.13,-2.15,-4.417223,-14.54545,-28.40237,55.31208,76.44164,55.00632
1980M09,126.51,4.9,10.32,83.5,29.24698,34.14698,16.0194,1.059999,1.13,1.13,17.73406,-4.417223,-14.54545,36.75204,55.31208,76.44164
1980M10,130.22,4.8,11.58,84,35.19089,39.99089,7.185629,1.26,1.059999,1.13,16.0194,17.73406,-4.417223,29.24698,36.75204,55.31208
1980M11,135.65,4.63,13.89,85.5,50.03833,54.66833,21.42857,2.31,1.26,1.059999,7.185629,16.0194,17.73406,35.19089,29.24698,36.75204
1980M12,133.48,4.74,15.66,85.9,-19.19645,-14.45645,5.614057,1.77,2.31,1.26,21.42857,7.185629,16.0194,50.03833,35.19089,29.24698
1981M01,132.97,4.8,14.72,85.2,-4.584908,0.215093,-9.778876,-0.94,1.77,2.31,5.614057,21.42857,7.185629,-19.19645,50.03833,35.19089
1981M02,128.4,5,14.9,85.4,-41.24245,-36.24245,2.816966,0.179999,-0.94,1.77,-9.778876,5.614057,21.42857,-4.584908,-19.19645,50.03833
1981M03,133.19,4.88,13.48,85.7,44.76644,49.64644,4.215392,-1.42,0.179999,-0.94,2.816966,-9.778876,5.614057,-41.24245,-4.584908,-19.19645
1981M04,134.43,4.86,13.63,85,11.17192,16.03192,-9.801592,0.150001,-1.42,0.179999,4.215392,2.816966,-9.778876,44.76644,-41.24245,-4.584908
1981M05,131.73,4.98,16.3,85.6,-24.10174,-19.12174,8.470567,2.669999,0.150001,-1.42,-9.801592,4.215392,2.816966,11.17192,44.76644,-41.24245
1981M06,132.28,5.03,14.56,86.1,5.010276,10.04028,7.009346,-1.739999,2.669999,0.150001,8.470567,-9.801592,4.215392,-24.10174,11.17192,44.76644
1981M07,129.13,5.18,14.7,87.1,-28.5757,-23.39569,13.93728,0.139999,-1.739999,2.669999,7.009346,8.470567,-9.801592,5.010276,-24.10174,11.17192
1981M08,129.63,5.16,15.61,86.9,4.64648,9.80648,-2.755412,0.91,0.139999,-1.739999,13.93728,7.009346,8.470567,-28.5757,5.010276,-24.10174
1981M09,118.27,5.69,14.95,86.5,-105.1609,-99.47092,-5.523612,-0.66,0.91,0.139999,-2.755412,13.93728,7.009346,4.64648,-28.5757,5.010276
1981M10,119.8,5.65,13.87,85.8,15.52387,21.17387,-9.71094,-1.08,-0.66,0.91,-5.523612,-2.755412,13.93728,-105.1609,4.64648,-28.5757
1981M11,122.92,5.54,11.27,84.8,31.25204,36.79204,-13.98601,-2.599999,-1.08,-0.66,-9.71094,-5.523612,-2.755412,15.52387,-105.1609,4.64648
1981M12,123.79,5.57,10.93,84.1,8.493356,14.06336,-9.905725,-0.34,-2.599999,-1.08,-13.98601,-9.71094,-5.523612,31.25204,15.52387,-105.1609
1982M01,117.28,5.95,12.41,82.4,-63.1069,-57.15689,-24.25679,1.48,-0.34,-2.599999,-9.905725,-13.98601,-9.71094,8.493356,31.25204,15.52387
1982M02,114.5,6.06,13.78,84.2,-28.44474,-22.38474,26.21352,1.37,1.48,-0.34,-24.25679,-9.905725,-13.98601,-63.1069,8.493356,31.25204
1982M03,110.84,6.28,12.49,83.7,-38.35812,-32.07812,-7.125891,-1.29,1.37,1.48,26.21352,-24.25679,-9.905725,-28.44474,-63.1069,8.493356
1982M04,116.31,5.99,12.82,83.2,59.22051,65.21051,-7.168459,0.33,-1.29,1.37,-7.125891,26.21352,-24.25679,-38.35812,-28.44474,-63.1069
1982M05,116.35,5.97,12.15,82.7,0.4127,6.382699,-7.211539,-0.67,0.33,-1.29,-7.168459,-7.125891,26.21352,59.22051,-38.35812,-28.44474
1982M06,109.7,6.28,12.11,82.4,-68.58618,-62.30618,-4.353017,-0.04,-0.67,0.33,-7.211539,-7.168459,-7.125891,0.4127,59.22051,-38.35812
1982M07,109.38,6.31,11.91,82,-3.500453,2.809547,-5.825265,-0.2,-0.04,-0.67,-4.353017,-7.211539,-7.168459,-68.58618,0.4127,59.22051
1982M08,109.65,6.32,9.01,81.6,2.962197,9.282198,-5.853681,-2.9,-0.2,-0.04,-5.825265,-4.353017,-7.211539,-3.500453,-68.58618,0.4127
1982M09,122.43,5.63,8.2,81,139.8632,145.4932,-8.823507,-0.81,-2.9,-0.2,-5.853681,-5.825265,-4.353017,2.962197,-3.500453,-68.58618
1982M10,132.66,5.12,7.75,80.3,100.2696,105.3896,-10.37033,-0.45,-0.81,-2.9,-8.823507,-5.853681,-5.825265,139.8632,2.962197,-3.500453
1982M11,138.1,4.92,8.04,80,49.20853,54.12852,-4.483233,0.29,-0.45,-0.81,-10.37033,-8.823507,-5.853681,100.2696,139.8632,2.962197
1982M12,139.37,4.93,8.01,79.3,11.03539,15.96539,-10.49995,-0.03,0.29,-0.45,-4.483233,-10.37033,-8.823507,49.20853,100.2696,139.8632
1983M01,144.27,4.79,7.81,80.8,42.18993,46.97993,22.69861,-0.2,-0.03,0.29,-10.49995,-4.483233,-10.37033,11.03539,49.20853,100.2696
1983M02,146.8,4.74,8.13,80.7,21.04387,25.78386,-1.485239,0.32,-0.2,-0.03,22.69861,-10.49995,-4.483233,42.18993,11.03539,49.20853
1983M03,151.88,4.59,8.3,81.3,41.5259,46.1159,8.922024,0.17,0.32,-0.2,-1.485239,22.69861,-10.49995,21.04387,42.18993,11.03539
1983M04,157.71,4.44,8.25,82.3,46.06269,50.50269,14.76015,-0.05,0.17,0.32,8.922024,-1.485239,22.69861,41.5259,21.04387,42.18993
1983M05,164.1,4.27,8.19,83.2,48.62088,52.89088,13.12263,-0.06,-0.05,0.17,14.76015,8.922024,-1.485239,46.06269,41.5259,21.04387
1983M06,166.39,4.26,8.82,83.7,16.74584,21.00584,7.211539,0.63,-0.06,-0.05,13.12263,14.76015,8.922024,48.62088,46.06269,41.5259
1983M07,166.96,4.21,9.12,85.3,4.110877,8.320877,22.93916,0.3,0.63,-0.06,7.211539,13.12263,14.76015,16.74584,48.62088,46.06269
1983M08,162.42,4.35,9.39,86.5,-32.63063,-28.28063,16.88155,0.27,0.3,0.63,22.93916,7.211539,13.12263,4.110877,16.74584,48.62088
1983M09,167.16,4.24,9.05,87.9,35.02036,39.26036,19.42199,-0.34,0.27,0.3,16.88155,22.93916,7.211539,-32.63063,4.110877,16.74584
1983M10,167.65,4.25,8.71,88.6,3.517518,7.767518,9.556273,-0.34,-0.34,0.27,19.42199,16.88155,22.93916,35.02036,-32.63063,4.110877
1983M11,165.23,4.31,8.71,88.8,-17.32179,-13.01179,2.708866,0,-0.34,-0.34,9.556273,19.42199,16.88155,3.517518,35.02036,-32.63063
1983M12,164.36,4.32,8.96,89.2,-6.31843,-1.99843,5.405323,0.25,0,-0.34,2.708866,9.556273,19.42199,-17.32179,3.517518,35.02036
1984M01,166.39,4.27,8.93,91,14.82112,19.09112,24.21529,-0.03,0.25,0,5.405323,2.708866,9.556273,-6.31843,-17.32179,3.517518
1984M02,157.25,4.59,9.03,90.9,-65.91742,-61.32742,-1.318661,0.099999,-0.03,0.25,24.21529,5.405323,2.708866,14.82112,-6.31843,-17.32179
1984M03,157.44,4.63,9.44,91.9,1.449939,6.079939,13.20132,0.41,0.099999,-0.03,-1.318661,24.21529,5.405323,-65.91742,14.82112,-6.31843
1984M04,157.6,4.64,9.69,92.4,1.21954,5.85954,6.528836,0.25,0.41,0.099999,13.20132,-1.318661,24.21529,1.449939,-65.91742,14.82112
1984M05,156.55,4.72,9.9,93,-7.994947,-3.274947,7.792188,0.21,0.25,0.41,6.528836,13.20132,-1.318661,1.21954,1.449939,-65.91742
1984M06,153.12,4.86,9.94,93.5,-26.29198,-21.43198,6.451613,0.04,0.21,0.25,7.792188,6.528836,13.20132,-7.994947,1.21954,1.449939
1984M07,151.08,4.93,10.13,93.9,-15.98741,-11.05741,5.133709,0.19,0.04,0.21,6.451613,7.792188,6.528836,-26.29198,-7.994947,1.21954
1984M08,164.42,4.62,10.49,94,105.9571,110.5771,1.277936,0.36,0.19,0.04,5.133709,6.451613,7.792188,-15.98741,-26.29198,-7.994947
1984M09,166.11,4.54,10.41,93.9,12.33428,16.87428,-1.276576,-0.08,0.36,0.19,1.277936,5.133709,6.451613,105.9571,-15.98741,-26.29198
1984M10,164.82,4.62,9.97,93.2,-9.319077,-4.699077,-8.945745,-0.44,-0.08,0.36,-1.276576,1.277936,5.133709,12.33428,105.9571,-15.98741
1984M11,166.27,4.61,8.79,93.3,10.55695,15.16695,1.287632,-1.18,-0.44,-0.08,-8.945745,-1.276576,1.277936,-9.319077,12.33428,105.9571
1984M12,164.48,4.68,8.16,92.8,-12.91881,-8.238808,-6.430868,-0.63,-1.18,-0.44,1.287632,-8.945745,-1.276576,10.55695,-9.319077,12.33428
1985M01,171.61,4.51,7.76,93.1,52.01852,56.52852,3.879251,-0.4,-0.63,-1.18,-6.430868,1.287632,-8.945745,-12.91881,10.55695,-9.319077
1985M02,180.88,4.3,8.22,93.8,64.82143,69.12143,9.022615,0.46,-0.4,-0.63,3.879251,-6.430868,1.287632,52.01852,-12.91881,10.55695
1985M03,179.42,4.37,8.57,94.1,-9.686024,-5.316024,3.837894,0.349999,0.46,-0.4,9.022615,3.879251,-6.430868,64.82143,52.01852,-12.91881
1985M04,180.62,4.37,8,94.5,8.025841,12.39584,5.100976,-0.57,0.349999,0.46,3.837894,9.022615,3.879251,-9.686024,64.82143,52.01852
1985M05,184.9,4.31,7.56,94.7,28.43538,32.74538,2.539644,-0.44,-0.57,0.349999,5.100976,3.837894,9.022615,8.025841,-9.686024,64.82143
1985M06,188.89,4.21,7.01,94.4,25.89511,30.10511,-3.80142,-0.55,-0.44,-0.57,2.539644,5.100976,3.837894,28.43538,8.025841,-9.686024
1985M07,192.54,4.14,7.05,94.1,23.18806,27.32806,-3.813598,0.04,-0.55,-0.44,-3.80142,2.539644,5.100976,25.89511,28.43538,8.025841
1985M08,188.31,4.23,7.18,94.5,-26.36333,-22.13333,5.100976,0.13,0.04,-0.55,-3.813598,-3.80142,2.539644,23.18806,25.89511,28.43538
1985M09,184.06,4.32,7.08,95,-27.083,-22.763,6.349206,-0.1,0.13,0.04,5.100976,-3.813598,-3.80142,-26.36333,23.18806,25.89511
1985M10,186.18,4.28,7.17,94.2,13.82155,18.10155,-10.1053,0.09,-0.1,0.13,6.349206,5.100976,-3.813598,-27.083,-26.36333,23.18806
1985M11,197.45,4.06,7.2,94.6,72.63941,76.69941,5.095561,0.03,0.09,-0.1,-10.1053,6.349206,5.100976,13.82155,-27.083,-26.36333
1985M12,207.26,3.88,7.07,95.6,59.62014,63.50014,12.68499,-0.13,0.03,0.09,5.095561,-10.1053,6.349206,72.63941,13.82155,-27.083
1986M01,208.19,3.9,7.04,96.1,5.384587,9.284588,6.276151,-0.03,-0.13,0.03,12.68499,5.095561,-10.1053,59.62014,72.63941,13.82155
1986M02,219.37,3.72,7.03,95.5,64.44109,68.16109,-7.492177,-0.01,-0.03,-0.13,6.276151,12.68499,5.095561,5.384587,59.62014,72.63941
1986M03,232.33,3.5,6.59,94.6,70.89397,74.39397,-11.30892,-0.44,-0.01,-0.03,-7.492177,6.276151,12.68499,64.44109,5.384587,59.62014
1986M04,237.98,3.43,6.06,94.8,29.1826,32.6126,2.537056,-0.53,-0.44,-0.01,-11.30892,-7.492177,6.276151,70.89397,64.44109,5.384587
1986M05,238.46,3.42,6.12,94.7,2.420427,5.840427,-1.2659,0.06,-0.53,-0.44,2.537056,-11.30892,-7.492177,29.1826,70.89397,64.44109
1986M06,245.3,3.36,6.21,94.3,34.42085,37.78085,-5.068561,0.09,0.06,-0.53,-1.2659,2.537056,-11.30892,2.420427,29.1826,70.89397
1986M07,240.18,3.43,5.84,94.8,-25.04693,-21.61693,6.362672,-0.37,0.09,0.06,-5.068561,-1.2659,2.537056,34.42085,2.420427,29.1826
1986M08,245,3.36,5.57,94.9,24.08198,27.44198,1.265803,-0.27,-0.37,0.09,6.362672,-5.068561,-1.2659,-25.04693,34.42085,2.420427
1986M09,238.27,3.43,5.19,95,-32.96325,-29.53325,1.26447,-0.38,-0.27,-0.37,1.265803,6.362672,-5.068561,24.08198,-25.04693,34.42085
1986M10,237.36,3.49,5.18,95.6,-4.583055,-1.093055,7.578928,-0.01,-0.38,-0.27,1.26447,1.265803,6.362672,-32.96325,24.08198,-25.04693
1986M11,245.09,3.4,5.35,96.3,39.07986,42.47986,8.786669,0.17,-0.01,-0.38,7.578928,1.26447,1.265803,-4.583055,-32.96325,24.08198
1986M12,248.61,3.38,5.49,96.8,17.23451,20.61451,6.230529,0.14,0.17,-0.01,8.786669,7.578928,1.26447,39.07986,-4.583055,-32.96325
1987M01,264.51,3.17,5.45,96.5,76.74676,79.91676,-3.719046,-0.04,0.14,0.17,6.230529,8.786669,7.578928,17.23451,39.07986,-4.583055
1987M02,280.93,3.02,5.59,97.9,74.49238,77.51237,17.40935,0.14,-0.04,0.14,-3.719046,6.230529,8.786669,76.74676,17.23451,39.07986
1987M03,292.47,2.93,5.56,98.2,49.29346,52.22346,3.677166,-0.03,0.14,-0.04,17.40935,-3.719046,6.230529,74.49238,76.74676,17.23451
1987M04,289.32,2.99,5.76,98.8,-12.92438,-9.934378,7.33205,0.2,-0.03,0.14,3.677166,17.40935,-3.719046,49.29346,74.49238,76.74676
1987M05,289.12,3.02,5.75,99.4,-0.829582,2.190418,7.28743,-0.01,0.2,-0.03,7.33205,3.677166,17.40935,-12.92438,49.29346,74.49238
1987M06,301.38,2.92,5.69,100.3,50.88548,53.80548,10.86521,-0.06,-0.01,0.2,7.28743,7.33205,3.677166,-0.829582,-12.92438,49.29346
1987M07,310.09,2.83,5.78,100.6,34.68044,37.51044,3.589177,0.09,-0.06,-0.01,10.86521,7.28743,7.33205,50.88548,-0.829582,-12.92438
1987M08,329.36,2.69,6,100.9,74.57186,77.26186,3.578565,0.22,0.09,-0.06,3.589177,10.86521,7.28743,34.68044,50.88548,-0.829582
1987M09,318.66,2.78,6.32,100.7,-38.98463,-36.20464,-2.378647,0.32,0.22,0.09,3.578565,3.589177,10.86521,74.57186,34.68044,50.88548
1987M10,280.16,3.25,6.4,102.1,-144.9821,-141.7321,16.68324,0.08,0.32,0.22,-2.378647,3.578565,3.589177,-38.98463,74.57186,34.68044
1987M11,245.01,3.66,5.81,102.2,-150.5569,-146.8969,1.1753,-0.59,0.08,0.32,16.68324,-2.378647,3.578565,-144.9821,-38.98463,74.57186
1987M12,240.96,3.71,5.8,102.8,-19.83587,-16.12587,7.045082,-0.01,-0.59,0.08,1.1753,16.68324,-2.378647,-150.5569,-144.9821,-38.98463
1988M01,250.48,3.66,5.9,103.2,47.4103,51.0703,4.669189,0.1,-0.01,-0.59,7.045082,1.1753,16.68324,-19.83587,-150.5569,-144.9821
1988M02,258.13,3.56,5.69,103.4,36.64968,40.20968,2.325635,-0.21,0.1,-0.01,4.669189,7.045082,1.1753,47.4103,-19.83587,-150.5569
1988M03,265.74,3.48,5.69,103.4,35.37745,38.85745,0,0,-0.21,0.1,2.325635,4.669189,7.045082,36.64968,47.4103,-19.83587
1988M04,262.61,3.57,5.92,104.3,-14.13414,-10.56414,10.44489,0.23,0,-0.21,0,2.325635,4.669189,35.37745,36.64968,47.4103
1988M05,256.12,3.8,6.27,104,-29.6561,-25.8561,-3.451617,0.35,0.23,0,10.44489,0,2.325635,-14.13414,35.37745,36.64968
1988M06,270.68,3.59,6.5,104,68.21802,71.80801,0,0.23,0.35,0.23,-3.451617,10.44489,0,-29.6561,-14.13414,35.37745
1988M07,269.05,3.65,6.73,104.6,-7.226267,-3.576267,6.923059,0.23,0.23,0.35,0,-3.451617,10.44489,68.21802,-29.6561,-14.13414
1988M08,263.73,3.75,7.02,105.2,-23.72783,-19.97783,6.883348,0.29,0.23,0.23,6.923059,0,-3.451617,-7.226267,68.21802,-29.6561
1988M09,267.97,3.69,7.23,104.7,19.29241,22.98241,-5.703422,0.21,0.29,0.23,6.883348,6.923059,0,-23.72783,-7.226267,68.21802
1988M10,277.4,3.61,7.34,105,42.22858,45.83858,3.438431,0.11,0.21,0.29,-5.703422,6.883348,6.923059,19.29241,-23.72783,-7.226267
1988M11,271.02,3.7,7.68,105.6,-27.59916,-23.89915,6.857125,0.34,0.11,0.21,3.438431,-5.703422,6.883348,42.22858,19.29241,-23.72783
1988M12,276.51,3.68,8.09,106.3,24.30826,27.98826,7.954597,0.41,0.34,0.11,6.857125,3.438431,-5.703422,-27.59916,42.22858,19.29241
1989M01,285.41,3.64,8.29,106.6,38.62425,42.26425,3.38659,0.2,0.41,0.34,7.954597,6.857125,3.438431,24.30826,-27.59916,42.22858
1989M02,294.01,3.59,8.48,106.2,36.15854,39.74854,-4.502831,0.19,0.2,0.41,3.38659,7.954597,6.857125,38.62425,24.30826,-27.59916
1989M03,292.71,3.68,8.83,107.1,-5.306017,-1.626017,10.16951,0.35,0.19,0.2,-4.502831,3.38659,7.954597,36.15854,38.62425,24.30826
1989M04,302.25,3.59,8.7,107.1,39.11042,42.70042,0,-0.13,0.35,0.19,10.16951,-4.502831,3.38659,-5.306017,36.15854,38.62425
1989M05,313.93,3.52,8.4,106.7,46.37218,49.89218,-4.48181,-0.3,-0.13,0.35,0,10.16951,-4.502831,39.11042,-5.306017,36.15854
1989M06,323.73,3.44,8.22,106.4,37.46065,40.90065,-3.373894,-0.179999,-0.3,-0.13,-4.48181,0,10.16951,46.37218,39.11042,-5.306017
1989M07,331.93,3.38,7.92,105.3,30.39563,33.77563,-12.406,-0.3,-0.179999,-0.3,-3.373894,-4.48181,0,37.46065,46.37218,39.11042
1989M08,346.61,3.28,7.91,105.8,53.0714,56.3514,5.698006,-0.01,-0.3,-0.179999,-12.406,-3.373894,-4.48181,30.39563,37.46065,46.37218
1989M09,347.33,3.29,7.72,105.4,2.49272,5.78272,-4.53688,-0.19,-0.01,-0.3,5.698006,-12.406,-3.373894,53.0714,30.39563,37.46065
1989M10,347.4,3.29,7.59,105,0.24187,3.53187,-4.554097,-0.13,-0.19,-0.01,-4.53688,5.698006,-12.406,2.49272,53.0714,30.39563
1989M11,345.99,3.39,7.67,105.4,-4.870479,-1.480479,4.571446,0.08,-0.13,-0.19,-4.554097,-4.53688,5.698006,0.24187,2.49272,53.0714
1989M12,348.57,3.32,7.64,106.1,8.948295,12.26829,7.969604,-0.03,0.08,-0.13,4.571446,-4.554097,-4.53688,-4.870479,0.24187,2.49272
1990M01,339.97,3.41,7.64,105.5,-29.6067,-26.1967,-6.786034,0,-0.03,0.08,7.969604,4.571446,-4.554097,8.948295,-4.870479,0.24187
1990M02,330.45,3.54,7.76,106.1,-33.60293,-30.06293,6.824627,0.12,0,-0.03,-6.786034,7.969604,4.571446,-29.6067,8.948295,-4.870479
1990M03,338.47,3.49,7.87,106.4,29.12388,32.61388,3.39306,0.11,0.12,0,6.824627,-6.786034,7.969604,-33.60293,-29.6067,8.948295
1990M04,338.18,3.51,7.78,105.7,-1.028186,2.481814,-7.894788,-0.09,0.11,0.12,3.39306,6.824627,-6.786034,29.12388,-33.60293,-29.6067
1990M05,350.25,3.44,7.78,106.5,42.82929,46.26929,9.082343,0,-0.09,0.11,-7.894788,3.39306,6.824627,-1.028186,29.12388,-33.60293
1990M06,360.39,3.36,7.74,106.7,34.74095,38.10095,2.253487,-0.04,0,-0.09,9.082343,-7.894788,3.39306,42.82929,-1.028186,29.12388
1990M07,360.03,3.37,7.66,106.5,-1.198754,2.171246,-2.249263,-0.08,-0.04,0,2.253487,9.082343,-7.894788,34.74095,42.82929,-1.028186
1990M08,330.75,3.65,7.44,106.8,-97.59186,-93.94186,3.380316,-0.22,-0.08,-0.04,-2.249263,2.253487,9.082343,-1.198754,34.74095,42.82929
1990M09,315.41,3.85,7.38,106.8,-55.65531,-51.80531,0,-0.06,-0.22,-0.08,3.380316,-2.249263,2.253487,-97.59186,-1.198754,34.74095
1990M10,307.12,4.01,7.19,106.3,-31.53993,-27.52993,-5.617977,-0.19,-0.06,-0.22,0,3.380316,-2.249263,-55.65531,-97.59186,-1.198754
1990M11,315.29,3.91,7.07,105,31.92243,35.83243,-14.67548,-0.12,-0.19,-0.06,-5.617977,0,3.380316,-31.53993,-55.65531,-97.59186
1990M12,328.75,3.74,6.81,104.5,51.22899,54.96899,-5.714286,-0.26,-0.12,-0.19,-14.67548,-5.617977,0,31.92243,-31.53993,-55.65531
1991M01,325.49,3.82,6.3,104.4,-11.89966,-8.079656,-1.148308,-0.51,-0.26,-0.12,-5.714286,-14.67548,-5.617977,51.22899,31.92243,-31.53993
1991M02,362.26,3.35,5.95,103.2,135.5618,138.9118,-13.79316,-0.35,-0.51,-0.26,-1.148308,-5.714286,-14.67548,-11.89966,51.22899,31.92243
1991M03,372.28,3.26,5.91,102.5,33.19159,36.45159,-8.1395,-0.04,-0.35,-0.51,-13.79316,-1.148308,-5.714286,135.5618,-11.89966,51.22899
1991M04,379.68,3.19,5.67,102.6,23.85299,27.043,1.170714,-0.24,-0.04,-0.35,-8.1395,-13.79316,-1.148308,33.19159,135.5618,-11.89966
1991M05,377.99,3.23,5.51,103.3,-5.341348,-2.111348,8.187188,-0.16,-0.24,-0.04,1.170714,-8.1395,-13.79316,23.85299,33.19159,135.5618
1991M06,378.29,3.23,5.6,104.4,0.952464,4.182465,12.7783,0.09,-0.16,-0.24,8.187188,1.170714,-8.1395,-5.341348,23.85299,33.19159
1991M07,380.33,3.2,5.58,104.5,6.471156,9.671156,1.149408,-0.02,0.09,-0.16,12.7783,8.187188,1.170714,0.952464,-5.341348,23.85299
1991M08,389.4,3.1,5.39,104.6,28.61728,31.71728,1.148308,-0.19,-0.02,0.09,1.149408,12.7783,8.187188,6.471156,0.952464,-5.341348
1991M09,387.2,3.15,5.25,105.3,-6.779604,-3.629604,8.030645,-0.14,-0.19,-0.02,1.148308,1.149408,12.7783,28.61728,6.471156,0.952464
1991M10,386.88,3.14,5.03,105.1,-0.991758,2.148242,-2.279254,-0.22,-0.14,-0.19,8.030645,1.148308,1.149408,-6.779604,28.61728,6.471156
1991M11,385.92,3.15,4.6,105,-2.977641,0.172359,-1.141752,-0.43,-0.22,-0.14,-2.279254,8.030645,1.148308,-0.991758,-6.779604,28.61728
1991M12,388.51,3.11,4.12,104.7,8.053471,11.16347,-3.428606,-0.48,-0.43,-0.22,-1.141752,-2.279254,8.030645,-2.977641,-0.991758,-6.779604
1992M01,416.08,2.9,3.84,104.5,85.15604,88.05604,-2.292229,-0.28,-0.48,-0.43,-3.428606,-1.141752,-2.279254,8.053471,-2.977641,-0.991758
1992M02,412.56,2.94,3.84,105.3,-10.15186,-7.211863,9.186638,0,-0.28,-0.48,-2.292229,-3.428606,-1.141752,85.15604,8.053471,-2.977641
1992M03,407.36,3.01,4.05,105.6,-15.12511,-12.11511,3.418751,0.21,0,-0.28,9.186638,-2.292229,-3.428606,-10.15186,85.15604,8.053471
1992M04,407.41,3.02,3.81,106.3,0.147344,3.167344,7.954597,-0.24,0.21,0,3.418751,9.186638,-2.292229,-15.12511,-10.15186,85.15604
1992M05,414.81,2.99,3.66,106.7,21.79621,24.78621,4.515453,-0.15,-0.24,0.21,7.954597,3.418751,9.186638,0.147344,-15.12511,-10.15186
1992M06,408.27,3.06,3.7,106,-18.91953,-15.85953,-7.872506,0.04,-0.15,-0.24,4.515453,7.954597,3.418751,21.79621,0.147344,-15.12511
1992M07,415.05,3,3.28,106.8,19.92799,22.92799,9.056639,-0.42,0.04,-0.15,-7.872506,4.515453,7.954597,-18.91953,21.79621,0.147344
1992M08,417.93,2.97,3.14,106.6,8.326722,11.29672,-2.247242,-0.14,-0.42,0.04,9.056639,-7.872506,4.515453,19.92799,-18.91953,21.79621
1992M09,418.48,3,2.97,106.2,1.579264,4.579265,-4.502831,-0.17,-0.14,-0.42,-2.247242,9.056639,-7.872506,8.326722,19.92799,-18.91953
1992M10,412.5,3.07,2.84,107.5,-17.1478,-14.0778,14.6893,-0.13,-0.17,-0.14,-4.502831,-2.247242,9.056639,1.579264,8.326722,19.92799
1992M11,422.84,2.98,3.14,108.4,30.07999,33.05999,10.04653,0.3,-0.13,-0.17,14.6893,-4.502831,-2.247242,-17.1478,1.579264,8.326722
1992M12,435.64,2.9,3.25,108.9,36.32585,39.22585,5.535055,0.11,0.3,-0.13,10.04653,14.6893,-4.502831,30.07999,-17.1478,1.579264
1993M01,435.23,2.88,3.06,109.3,-1.129383,1.750617,4.40773,-0.19,0.11,0.3,5.535055,10.04653,14.6893,36.32585,30.07999,-17.1478
1993M02,441.7,2.81,2.95,109.9,17.83885,20.64885,6.587358,-0.11,-0.19,0.11,4.40773,5.535055,10.04653,-1.129383,36.32585,30.07999
1993M03,450.16,2.76,2.97,110.1,22.9839,25.7439,2.18377,0.02,-0.11,-0.19,6.587358,4.40773,5.535055,17.83885,-1.129383,36.32585
1993M04,443.08,2.82,2.89,110.4,-18.87333,-16.05334,3.269788,-0.08,0.02,-0.11,2.18377,6.587358,4.40773,22.9839,17.83885,-1.129383
1993M05,445.25,2.8,2.96,110.3,5.877079,8.677079,-1.08694,0.07,-0.08,0.02,3.269788,2.18377,6.587358,-18.87333,22.9839,17.83885
1993M06,448.06,2.81,3.1,110.1,7.573267,10.38327,-2.175934,0.14,0.07,-0.08,-1.08694,3.269788,2.18377,5.877079,-18.87333,22.9839
